#
# There is insufficient memory for the Java Runtime Environment to continue.
# Native memory allocation (malloc) failed to allocate 2285728 bytes for Chunk::new
# Possible reasons:
#   The system is out of physical RAM or swap space
#   The process is running with CompressedOops enabled, and the Java Heap may be blocking the growth of the native heap
# Possible solutions:
#   Reduce memory load on the system
#   Increase physical memory or swap space
#   Check if swap backing store is full
#   Decrease Java heap size (-Xmx/-Xms)
#   Decrease number of Java threads
#   Decrease Java thread stack sizes (-Xss)
#   Set larger code cache with -XX:ReservedCodeCacheSize=
#   JVM is running with Unscaled Compressed Oops mode in which the Java heap is
#     placed in the first 4GB address space. The Java Heap base address is the
#     maximum limit for the native heap growth. Please use -XX:HeapBaseMinAddress
#     to set the Java Heap base and to place the Java Heap above 4GB virtual address.
# This output file may be truncated or incomplete.
#
#  Out of Memory Error (arena.cpp:189), pid=22896, tid=30416
#
# JRE version: Java(TM) SE Runtime Environment (17.0.10+11) (build 17.0.10+11-LTS-240)
# Java VM: Java HotSpot(TM) 64-Bit Server VM (17.0.10+11-LTS-240, mixed mode, sharing, tiered, compressed oops, compressed class ptrs, g1 gc, windows-amd64)
# No core dump will be written. Minidumps are not enabled by default on client versions of Windows
#

---------------  S U M M A R Y ------------

Command Line: -XX:MaxMetaspaceSize=512m --add-opens=java.base/java.util=ALL-UNNAMED --add-opens=java.base/java.lang=ALL-UNNAMED --add-opens=java.base/java.lang.invoke=ALL-UNNAMED --add-opens=java.prefs/java.util.prefs=ALL-UNNAMED --add-opens=java.base/java.nio.charset=ALL-UNNAMED --add-opens=java.base/java.net=ALL-UNNAMED --add-opens=java.base/java.util.concurrent.atomic=ALL-UNNAMED -Xmx2048m -Dfile.encoding=windows-1252 -Djavax.net.ssl.trustStoreType=JKS -Duser.country=IN -Duser.language=en -Duser.variant org.gradle.launcher.daemon.bootstrap.GradleDaemon 8.0.1

Host: AMD Ryzen 3 5300U with Radeon Graphics         , 8 cores, 7G,  Windows 11 , 64 bit Build 26100 (10.0.26100.4768)
Time: Fri Sep 12 14:26:51 2025 India Standard Time elapsed time: 1681.565240 seconds (0d 0h 28m 1s)

---------------  T H R E A D  ---------------

Current thread (0x000002559b0f1720):  JavaThread "C2 CompilerThread0" daemon [_thread_in_native, id=30416, stack(0x0000008478c00000,0x0000008478d00000)]


Current CompileTask:
C2:1681565 12419       4       org.gradle.internal.instantiation.generator.AbstractClassGenerator::inspectType (560 bytes)

Stack: [0x0000008478c00000,0x0000008478d00000]
Native frames: (J=compiled Java code, j=interpreted, Vv=VM code, C=native code)
V  [jvm.dll+0x677a5a]
V  [jvm.dll+0x7d8b2d]
V  [jvm.dll+0x7da48e]
V  [jvm.dll+0x7daaf3]
V  [jvm.dll+0x2455ff]
V  [jvm.dll+0xaaafb]
V  [jvm.dll+0xab09c]
V  [jvm.dll+0x361bae]
V  [jvm.dll+0x32c211]
V  [jvm.dll+0x32b6aa]
V  [jvm.dll+0x21794f]
V  [jvm.dll+0x216d81]
V  [jvm.dll+0x1a3410]
V  [jvm.dll+0x226aeb]
V  [jvm.dll+0x224cab]
V  [jvm.dll+0x78e45c]
V  [jvm.dll+0x78888a]
V  [jvm.dll+0x676935]
C  [ucrtbase.dll+0x37b0]
C  [KERNEL32.DLL+0x2e8d7]
C  [ntdll.dll+0x3c34c]


---------------  P R O C E S S  ---------------

Threads class SMR info:
_java_thread_list=0x00000255be836f80, length=134, elements={
0x00000255fce97ec0, 0x000002559b0d0030, 0x000002559b0d1670, 0x000002559b0ebfe0,
0x000002559b0ee8c0, 0x000002559b0ef190, 0x000002559b0efa60, 0x000002559b0f1720,
0x000002559b0f81c0, 0x000002559b290060, 0x000002559b3589f0, 0x000002559b361100,
0x00000255bb331020, 0x00000255bb0c2740, 0x00000255bbc73590, 0x00000255bb0c21f0,
0x00000255bb63d440, 0x00000255bb63d920, 0x00000255bb846630, 0x00000255bb8489a0,
0x00000255bb846b40, 0x00000255bb848490, 0x00000255bb847050, 0x00000255bb847560,
0x00000255bb848eb0, 0x00000255bb3a8d10, 0x00000255bb3a7de0, 0x00000255bb3aab70,
0x00000255bb3a8800, 0x00000255bb3a9220, 0x00000255bb3ab080, 0x00000255bb3aa660,
0x00000255bb3ac4c0, 0x00000255bb3acee0, 0x00000255bb3ad900, 0x00000255bb3ade10,
0x00000255bb3a78d0, 0x00000255bb3ae830, 0x00000255bb3ab590, 0x00000255bb3abfb0,
0x00000255bb3af250, 0x00000255bb3ad3f0, 0x00000255bb8493c0, 0x00000255bb8498d0,
0x00000255bc0e99d0, 0x00000255bc0e8aa0, 0x00000255bc0e8590, 0x00000255bc0ea3f0,
0x00000255bc0e94c0, 0x00000255bc0e9ee0, 0x00000255bc0eae10, 0x00000255bc0ea900,
0x00000255bc0eb320, 0x00000255bc0eb830, 0x00000255bc0e8080, 0x00000255bc0ebd40,
0x00000255bc0e8fb0, 0x00000255bc0ee0b0, 0x00000255bc0edba0, 0x00000255bc0ecc70,
0x00000255bc0ef4f0, 0x00000255bc0ed180, 0x00000255bc0efa00, 0x00000255bc0ee5c0,
0x00000255bc0ec760, 0x00000255bc0eead0, 0x00000255bc0eefe0, 0x00000255bc0ed690,
0x00000255bc0ec250, 0x00000255bbb774c0, 0x00000255bbb78e10, 0x00000255bbb783f0,
0x00000255bbb78900, 0x00000255bbb76590, 0x00000255bbb7a250, 0x00000255bbb76fb0,
0x00000255bbb7df10, 0x00000255bbb7c0b0, 0x00000255bbb7a760, 0x00000255bbb7ac70,
0x00000255bbb7cfe0, 0x00000255bbb7c5c0, 0x00000255bbb7cad0, 0x00000255bbb7b180,
0x00000255bbb7b690, 0x00000255bbb7bba0, 0x00000255bbb7d4f0, 0x00000255bbb7da00,
0x00000255bb3ae320, 0x00000255bdb70a80, 0x00000255bdb71ec0, 0x00000255bdb728e0,
0x00000255bdb719b0, 0x00000255bdb723d0, 0x00000255bdb72df0, 0x00000255bdb70f90,
0x00000255bdb73300, 0x00000255bdb73810, 0x00000255bdb70060, 0x00000255bdb73d20,
0x00000255bdb70570, 0x00000255bdb74230, 0x00000255bdb714a0, 0x00000255bdb74740,
0x00000255bdb75160, 0x00000255bdb76fc0, 0x00000255bdb779e0, 0x00000255bdb75670,
0x00000255bdb75b80, 0x00000255bdb76090, 0x00000255bdb765a0, 0x00000255bdb76ab0,
0x00000255bcd58080, 0x00000255bcd5b830, 0x00000255bcd5b320, 0x00000255bcd599d0,
0x00000255bcd59ee0, 0x00000255bcd58590, 0x00000255bcd5c250, 0x00000255bcd5a3f0,
0x00000255bcd5a900, 0x00000255bcd5ae10, 0x00000255bcd5bd40, 0x00000255bcd58aa0,
0x00000255bcd5c760, 0x00000255bcd58fb0, 0x00000255bcd5cc70, 0x00000255bcd594c0,
0x00000255bcd5efe0, 0x00000255bcd5d690, 0x00000255bcd5dba0, 0x00000255bcd5e0b0,
0x00000255bcd5e5c0, 0x00000255bf373c70
}

Java Threads: ( => current thread )
  0x00000255fce97ec0 JavaThread "main" [_thread_blocked, id=22948, stack(0x0000008477f00000,0x0000008478000000)]
  0x000002559b0d0030 JavaThread "Reference Handler" daemon [_thread_blocked, id=19484, stack(0x0000008478600000,0x0000008478700000)]
  0x000002559b0d1670 JavaThread "Finalizer" daemon [_thread_blocked, id=18996, stack(0x0000008478700000,0x0000008478800000)]
  0x000002559b0ebfe0 JavaThread "Signal Dispatcher" daemon [_thread_blocked, id=34224, stack(0x0000008478800000,0x0000008478900000)]
  0x000002559b0ee8c0 JavaThread "Attach Listener" daemon [_thread_blocked, id=27312, stack(0x0000008478900000,0x0000008478a00000)]
  0x000002559b0ef190 JavaThread "Service Thread" daemon [_thread_blocked, id=27844, stack(0x0000008478a00000,0x0000008478b00000)]
  0x000002559b0efa60 JavaThread "Monitor Deflation Thread" daemon [_thread_blocked, id=26692, stack(0x0000008478b00000,0x0000008478c00000)]
=>0x000002559b0f1720 JavaThread "C2 CompilerThread0" daemon [_thread_in_native, id=30416, stack(0x0000008478c00000,0x0000008478d00000)]
  0x000002559b0f81c0 JavaThread "C1 CompilerThread0" daemon [_thread_blocked, id=3720, stack(0x0000008478d00000,0x0000008478e00000)]
  0x000002559b290060 JavaThread "Sweeper thread" daemon [_thread_blocked, id=18872, stack(0x0000008478e00000,0x0000008478f00000)]
  0x000002559b3589f0 JavaThread "Common-Cleaner" daemon [_thread_blocked, id=31080, stack(0x0000008478f00000,0x0000008479000000)]
  0x000002559b361100 JavaThread "Notification Thread" daemon [_thread_blocked, id=33284, stack(0x0000008479000000,0x0000008479100000)]
  0x00000255bb331020 JavaThread "Daemon health stats" [_thread_blocked, id=38876, stack(0x0000008479600000,0x0000008479700000)]
  0x00000255bb0c2740 JavaThread "Incoming local TCP Connector on port 64449" [_thread_in_native, id=30820, stack(0x0000008479700000,0x0000008479800000)]
  0x00000255bbc73590 JavaThread "Daemon periodic checks" [_thread_blocked, id=34780, stack(0x0000008479800000,0x0000008479900000)]
  0x00000255bb0c21f0 JavaThread "Daemon" [_thread_blocked, id=25156, stack(0x0000008479900000,0x0000008479a00000)]
  0x00000255bb63d440 JavaThread "Handler for socket connection from /127.0.0.1:64449 to /127.0.0.1:64456" [_thread_in_native, id=17736, stack(0x0000008479a00000,0x0000008479b00000)]
  0x00000255bb63d920 JavaThread "Cancel handler" [_thread_blocked, id=8952, stack(0x0000008479b00000,0x0000008479c00000)]
  0x00000255bb846630 JavaThread "Daemon worker" [_thread_in_Java, id=40304, stack(0x0000008479c00000,0x0000008479d00000)]
  0x00000255bb8489a0 JavaThread "Asynchronous log dispatcher for DefaultDaemonConnection: socket connection from /127.0.0.1:64449 to /127.0.0.1:64456" [_thread_blocked, id=36004, stack(0x0000008479d00000,0x0000008479e00000)]
  0x00000255bb846b40 JavaThread "Daemon client event forwarder" [_thread_blocked, id=40996, stack(0x0000008479f00000,0x000000847a000000)]
  0x00000255bb848490 JavaThread "Cache worker for journal cache (C:\Users\GOHIL KINJAL\.gradle\caches\journal-1)" [_thread_blocked, id=23144, stack(0x000000847a100000,0x000000847a200000)]
  0x00000255bb847050 JavaThread "File lock request listener" [_thread_in_native, id=12172, stack(0x000000847a200000,0x000000847a300000)]
  0x00000255bb847560 JavaThread "Cache worker for file hash cache (C:\Users\GOHIL KINJAL\.gradle\caches\8.0.1\fileHashes)" [_thread_blocked, id=37744, stack(0x000000847a500000,0x000000847a600000)]
  0x00000255bb848eb0 JavaThread "File watcher server" daemon [_thread_in_native, id=35464, stack(0x0000008477c00000,0x0000008477d00000)]
  0x00000255bb3a8d10 JavaThread "File watcher consumer" daemon [_thread_blocked, id=38988, stack(0x0000008477d00000,0x0000008477e00000)]
  0x00000255bb3a7de0 JavaThread "Cache worker for checksums cache (D:\PROJECTS\MySecondDemo\MysecondDemo\android\.gradle\8.0.1\checksums)" [_thread_blocked, id=21892, stack(0x0000008477e00000,0x0000008477f00000)]
  0x00000255bb3aab70 JavaThread "Cache worker for cache directory md-rule (C:\Users\GOHIL KINJAL\.gradle\caches\8.0.1\md-rule)" [_thread_blocked, id=24016, stack(0x0000008479e00000,0x0000008479f00000)]
  0x00000255bb3a8800 JavaThread "Cache worker for file content cache (C:\Users\GOHIL KINJAL\.gradle\caches\8.0.1\fileContent)" [_thread_blocked, id=41084, stack(0x000000847a900000,0x000000847aa00000)]
  0x00000255bb3a9220 JavaThread "Cache worker for file hash cache (D:\PROJECTS\MySecondDemo\MysecondDemo\android\.gradle\8.0.1\fileHashes)" [_thread_blocked, id=26144, stack(0x000000847ab00000,0x000000847ac00000)]
  0x00000255bb3ab080 JavaThread "Cache worker for cache directory md-supplier (C:\Users\GOHIL KINJAL\.gradle\caches\8.0.1\md-supplier)" [_thread_blocked, id=28600, stack(0x000000847ac00000,0x000000847ad00000)]
  0x00000255bb3aa660 JavaThread "Cache worker for execution history cache (C:\Users\GOHIL KINJAL\.gradle\caches\8.0.1\executionHistory)" [_thread_blocked, id=19156, stack(0x000000847ad00000,0x000000847ae00000)]
  0x00000255bb3ac4c0 JavaThread "jar transforms" [_thread_blocked, id=37336, stack(0x000000847ae00000,0x000000847af00000)]
  0x00000255bb3acee0 JavaThread "jar transforms Thread 2" [_thread_blocked, id=29072, stack(0x000000847af00000,0x000000847b000000)]
  0x00000255bb3ad900 JavaThread "jar transforms Thread 3" [_thread_blocked, id=5704, stack(0x000000847a000000,0x000000847a100000)]
  0x00000255bb3ade10 JavaThread "jar transforms Thread 4" [_thread_blocked, id=21604, stack(0x000000847b000000,0x000000847b100000)]
  0x00000255bb3a78d0 JavaThread "Cache worker for kotlin-dsl (C:\Users\GOHIL KINJAL\.gradle\caches\8.0.1\kotlin-dsl)" [_thread_blocked, id=26156, stack(0x000000847a300000,0x000000847a400000)]
  0x00000255bb3ae830 JavaThread "jar transforms Thread 5" [_thread_blocked, id=37024, stack(0x000000847b100000,0x000000847b200000)]
  0x00000255bb3ab590 JavaThread "jar transforms Thread 6" [_thread_blocked, id=31968, stack(0x000000847b200000,0x000000847b300000)]
  0x00000255bb3abfb0 JavaThread "Cache worker for dependencies-accessors (D:\PROJECTS\MySecondDemo\MysecondDemo\android\.gradle\8.0.1\dependencies-accessors)" [_thread_blocked, id=12576, stack(0x000000847b300000,0x000000847b400000)]
  0x00000255bb3af250 JavaThread "Cache worker for Build Output Cleanup Cache (D:\PROJECTS\MySecondDemo\MysecondDemo\node_modules\@react-native\gradle-plugin\.gradle\buildOutputCleanup)" [_thread_blocked, id=23568, stack(0x000000847b400000,0x000000847b500000)]
  0x00000255bb3ad3f0 JavaThread "jar transforms Thread 7" [_thread_blocked, id=5236, stack(0x000000847b700000,0x000000847b800000)]
  0x00000255bb8493c0 JavaThread "Unconstrained build operations" [_thread_blocked, id=22224, stack(0x000000847b800000,0x000000847b900000)]
  0x00000255bb8498d0 JavaThread "Unconstrained build operations Thread 2" [_thread_blocked, id=37568, stack(0x000000847b900000,0x000000847ba00000)]
  0x00000255bc0e99d0 JavaThread "Unconstrained build operations Thread 3" [_thread_blocked, id=9704, stack(0x000000847ba00000,0x000000847bb00000)]
  0x00000255bc0e8aa0 JavaThread "Unconstrained build operations Thread 4" [_thread_blocked, id=41008, stack(0x000000847bb00000,0x000000847bc00000)]
  0x00000255bc0e8590 JavaThread "Unconstrained build operations Thread 5" [_thread_blocked, id=38068, stack(0x000000847bc00000,0x000000847bd00000)]
  0x00000255bc0ea3f0 JavaThread "Unconstrained build operations Thread 6" [_thread_blocked, id=36356, stack(0x000000847bd00000,0x000000847be00000)]
  0x00000255bc0e94c0 JavaThread "Unconstrained build operations Thread 7" [_thread_blocked, id=27108, stack(0x000000847be00000,0x000000847bf00000)]
  0x00000255bc0e9ee0 JavaThread "Unconstrained build operations Thread 8" [_thread_blocked, id=33704, stack(0x000000847bf00000,0x000000847c000000)]
  0x00000255bc0eae10 JavaThread "Unconstrained build operations Thread 9" [_thread_blocked, id=30076, stack(0x000000847c000000,0x000000847c100000)]
  0x00000255bc0ea900 JavaThread "Unconstrained build operations Thread 10" [_thread_blocked, id=33352, stack(0x000000847c100000,0x000000847c200000)]
  0x00000255bc0eb320 JavaThread "Unconstrained build operations Thread 11" [_thread_blocked, id=22536, stack(0x000000847c200000,0x000000847c300000)]
  0x00000255bc0eb830 JavaThread "Unconstrained build operations Thread 12" [_thread_blocked, id=35376, stack(0x000000847c300000,0x000000847c400000)]
  0x00000255bc0e8080 JavaThread "Unconstrained build operations Thread 13" [_thread_blocked, id=22208, stack(0x000000847c400000,0x000000847c500000)]
  0x00000255bc0ebd40 JavaThread "Unconstrained build operations Thread 14" [_thread_blocked, id=28332, stack(0x000000847c500000,0x000000847c600000)]
  0x00000255bc0e8fb0 JavaThread "Unconstrained build operations Thread 15" [_thread_blocked, id=36488, stack(0x000000847c600000,0x000000847c700000)]
  0x00000255bc0ee0b0 JavaThread "Unconstrained build operations Thread 16" [_thread_blocked, id=41140, stack(0x000000847c700000,0x000000847c800000)]
  0x00000255bc0edba0 JavaThread "Unconstrained build operations Thread 17" [_thread_blocked, id=39448, stack(0x000000847c800000,0x000000847c900000)]
  0x00000255bc0ecc70 JavaThread "Unconstrained build operations Thread 18" [_thread_blocked, id=41572, stack(0x000000847c900000,0x000000847ca00000)]
  0x00000255bc0ef4f0 JavaThread "Unconstrained build operations Thread 19" [_thread_blocked, id=40332, stack(0x000000847ca00000,0x000000847cb00000)]
  0x00000255bc0ed180 JavaThread "Unconstrained build operations Thread 20" [_thread_blocked, id=25428, stack(0x000000847cb00000,0x000000847cc00000)]
  0x00000255bc0efa00 JavaThread "Unconstrained build operations Thread 21" [_thread_blocked, id=40268, stack(0x000000847cc00000,0x000000847cd00000)]
  0x00000255bc0ee5c0 JavaThread "Unconstrained build operations Thread 22" [_thread_blocked, id=36200, stack(0x000000847cd00000,0x000000847ce00000)]
  0x00000255bc0ec760 JavaThread "Unconstrained build operations Thread 23" [_thread_blocked, id=6432, stack(0x000000847ce00000,0x000000847cf00000)]
  0x00000255bc0eead0 JavaThread "Unconstrained build operations Thread 24" [_thread_blocked, id=39612, stack(0x000000847cf00000,0x000000847d000000)]
  0x00000255bc0eefe0 JavaThread "Unconstrained build operations Thread 25" [_thread_blocked, id=36568, stack(0x000000847d000000,0x000000847d100000)]
  0x00000255bc0ed690 JavaThread "Unconstrained build operations Thread 26" [_thread_blocked, id=2620, stack(0x000000847d100000,0x000000847d200000)]
  0x00000255bc0ec250 JavaThread "jar transforms Thread 8" [_thread_blocked, id=27416, stack(0x000000847d200000,0x000000847d300000)]
  0x00000255bbb774c0 JavaThread "Memory manager" [_thread_blocked, id=16184, stack(0x000000847b500000,0x000000847b600000)]
  0x00000255bbb78e10 JavaThread "Cache worker for Build Output Cleanup Cache (D:\PROJECTS\MySecondDemo\MysecondDemo\android\.gradle\buildOutputCleanup)" [_thread_blocked, id=36720, stack(0x000000847d400000,0x000000847d500000)]
  0x00000255bbb783f0 JavaThread "Execution worker" [_thread_blocked, id=36716, stack(0x000000847d500000,0x000000847d600000)]
  0x00000255bbb78900 JavaThread "Execution worker Thread 2" [_thread_blocked, id=38004, stack(0x000000847d600000,0x000000847d700000)]
  0x00000255bbb76590 JavaThread "Execution worker Thread 3" [_thread_blocked, id=36680, stack(0x000000847d700000,0x000000847d800000)]
  0x00000255bbb7a250 JavaThread "Execution worker Thread 4" [_thread_blocked, id=24772, stack(0x000000847d800000,0x000000847d900000)]
  0x00000255bbb76fb0 JavaThread "Execution worker Thread 5" [_thread_blocked, id=38564, stack(0x000000847d900000,0x000000847da00000)]
  0x00000255bbb7df10 JavaThread "Execution worker Thread 6" [_thread_blocked, id=20840, stack(0x000000847da00000,0x000000847db00000)]
  0x00000255bbb7c0b0 JavaThread "Execution worker Thread 7" [_thread_blocked, id=24604, stack(0x000000847db00000,0x000000847dc00000)]
  0x00000255bbb7a760 JavaThread "Cache worker for execution history cache (D:\PROJECTS\MySecondDemo\MysecondDemo\node_modules\@react-native\gradle-plugin\.gradle\8.0.1\executionHistory)" [_thread_blocked, id=19640, stack(0x000000847dc00000,0x000000847dd00000)]
  0x00000255bbb7ac70 JavaThread "Unconstrained build operations Thread 27" [_thread_blocked, id=35980, stack(0x000000847dd00000,0x000000847de00000)]
  0x00000255bbb7cfe0 JavaThread "Unconstrained build operations Thread 28" [_thread_blocked, id=36600, stack(0x000000847de00000,0x000000847df00000)]
  0x00000255bbb7c5c0 JavaThread "Unconstrained build operations Thread 29" [_thread_blocked, id=32828, stack(0x000000847df00000,0x000000847e000000)]
  0x00000255bbb7cad0 JavaThread "Unconstrained build operations Thread 30" [_thread_blocked, id=19720, stack(0x000000847e000000,0x000000847e100000)]
  0x00000255bbb7b180 JavaThread "Unconstrained build operations Thread 31" [_thread_blocked, id=24784, stack(0x000000847e100000,0x000000847e200000)]
  0x00000255bbb7b690 JavaThread "Unconstrained build operations Thread 32" [_thread_blocked, id=38188, stack(0x000000847e200000,0x000000847e300000)]
  0x00000255bbb7bba0 JavaThread "Unconstrained build operations Thread 33" [_thread_blocked, id=34468, stack(0x000000847e300000,0x000000847e400000)]
  0x00000255bbb7d4f0 JavaThread "Unconstrained build operations Thread 34" [_thread_blocked, id=38572, stack(0x000000847e400000,0x000000847e500000)]
  0x00000255bbb7da00 JavaThread "Unconstrained build operations Thread 35" [_thread_blocked, id=25992, stack(0x000000847e500000,0x000000847e600000)]
  0x00000255bb3ae320 JavaThread "Unconstrained build operations Thread 36" [_thread_blocked, id=39668, stack(0x000000847e600000,0x000000847e700000)]
  0x00000255bdb70a80 JavaThread "Unconstrained build operations Thread 37" [_thread_blocked, id=28524, stack(0x000000847e700000,0x000000847e800000)]
  0x00000255bdb71ec0 JavaThread "Unconstrained build operations Thread 38" [_thread_blocked, id=37488, stack(0x000000847e800000,0x000000847e900000)]
  0x00000255bdb728e0 JavaThread "Unconstrained build operations Thread 39" [_thread_blocked, id=16648, stack(0x000000847e900000,0x000000847ea00000)]
  0x00000255bdb719b0 JavaThread "Unconstrained build operations Thread 40" [_thread_blocked, id=31480, stack(0x000000847ea00000,0x000000847eb00000)]
  0x00000255bdb723d0 JavaThread "Unconstrained build operations Thread 41" [_thread_blocked, id=30628, stack(0x000000847eb00000,0x000000847ec00000)]
  0x00000255bdb72df0 JavaThread "Unconstrained build operations Thread 42" [_thread_blocked, id=39792, stack(0x000000847ec00000,0x000000847ed00000)]
  0x00000255bdb70f90 JavaThread "Unconstrained build operations Thread 43" [_thread_blocked, id=17852, stack(0x000000847ed00000,0x000000847ee00000)]
  0x00000255bdb73300 JavaThread "Unconstrained build operations Thread 44" [_thread_blocked, id=39640, stack(0x000000847ee00000,0x000000847ef00000)]
  0x00000255bdb73810 JavaThread "Unconstrained build operations Thread 45" [_thread_blocked, id=16752, stack(0x000000847ef00000,0x000000847f000000)]
  0x00000255bdb70060 JavaThread "Unconstrained build operations Thread 46" [_thread_blocked, id=33960, stack(0x000000847f000000,0x000000847f100000)]
  0x00000255bdb73d20 JavaThread "Unconstrained build operations Thread 47" [_thread_blocked, id=2908, stack(0x000000847f100000,0x000000847f200000)]
  0x00000255bdb70570 JavaThread "Unconstrained build operations Thread 48" [_thread_blocked, id=35364, stack(0x000000847f200000,0x000000847f300000)]
  0x00000255bdb74230 JavaThread "Unconstrained build operations Thread 49" [_thread_blocked, id=25876, stack(0x000000847f300000,0x000000847f400000)]
  0x00000255bdb714a0 JavaThread "Unconstrained build operations Thread 50" [_thread_blocked, id=41448, stack(0x000000847f400000,0x000000847f500000)]
  0x00000255bdb74740 JavaThread "Unconstrained build operations Thread 51" [_thread_blocked, id=22164, stack(0x000000847f500000,0x000000847f600000)]
  0x00000255bdb75160 JavaThread "Unconstrained build operations Thread 52" [_thread_blocked, id=41656, stack(0x000000847f600000,0x000000847f700000)]
  0x00000255bdb76fc0 JavaThread "Unconstrained build operations Thread 53" [_thread_blocked, id=37472, stack(0x000000847f700000,0x000000847f800000)]
  0x00000255bdb779e0 JavaThread "Unconstrained build operations Thread 54" [_thread_blocked, id=24364, stack(0x000000847f800000,0x000000847f900000)]
  0x00000255bdb75670 JavaThread "Unconstrained build operations Thread 55" [_thread_blocked, id=32820, stack(0x000000847f900000,0x000000847fa00000)]
  0x00000255bdb75b80 JavaThread "Unconstrained build operations Thread 56" [_thread_blocked, id=24356, stack(0x000000847fa00000,0x000000847fb00000)]
  0x00000255bdb76090 JavaThread "Unconstrained build operations Thread 57" [_thread_blocked, id=24156, stack(0x000000847fb00000,0x000000847fc00000)]
  0x00000255bdb765a0 JavaThread "Unconstrained build operations Thread 58" [_thread_blocked, id=27840, stack(0x000000847fc00000,0x000000847fd00000)]
  0x00000255bdb76ab0 JavaThread "Unconstrained build operations Thread 59" [_thread_blocked, id=15344, stack(0x000000847fd00000,0x000000847fe00000)]
  0x00000255bcd58080 JavaThread "Unconstrained build operations Thread 60" [_thread_blocked, id=9504, stack(0x000000847fe00000,0x000000847ff00000)]
  0x00000255bcd5b830 JavaThread "Unconstrained build operations Thread 61" [_thread_blocked, id=35528, stack(0x000000847ff00000,0x0000008480000000)]
  0x00000255bcd5b320 JavaThread "Unconstrained build operations Thread 62" [_thread_blocked, id=8084, stack(0x0000008400000000,0x0000008400100000)]
  0x00000255bcd599d0 JavaThread "Unconstrained build operations Thread 63" [_thread_blocked, id=22408, stack(0x0000008400100000,0x0000008400200000)]
  0x00000255bcd59ee0 JavaThread "Unconstrained build operations Thread 64" [_thread_blocked, id=25512, stack(0x0000008400200000,0x0000008400300000)]
  0x00000255bcd58590 JavaThread "Unconstrained build operations Thread 65" [_thread_blocked, id=38060, stack(0x0000008400300000,0x0000008400400000)]
  0x00000255bcd5c250 JavaThread "Unconstrained build operations Thread 66" [_thread_blocked, id=14728, stack(0x0000008400400000,0x0000008400500000)]
  0x00000255bcd5a3f0 JavaThread "Unconstrained build operations Thread 67" [_thread_blocked, id=29116, stack(0x0000008400500000,0x0000008400600000)]
  0x00000255bcd5a900 JavaThread "Unconstrained build operations Thread 68" [_thread_blocked, id=21532, stack(0x0000008400600000,0x0000008400700000)]
  0x00000255bcd5ae10 JavaThread "Unconstrained build operations Thread 69" [_thread_blocked, id=34056, stack(0x0000008400700000,0x0000008400800000)]
  0x00000255bcd5bd40 JavaThread "Unconstrained build operations Thread 70" [_thread_blocked, id=38184, stack(0x0000008400800000,0x0000008400900000)]
  0x00000255bcd58aa0 JavaThread "Unconstrained build operations Thread 71" [_thread_blocked, id=40788, stack(0x0000008400900000,0x0000008400a00000)]
  0x00000255bcd5c760 JavaThread "Unconstrained build operations Thread 72" [_thread_blocked, id=4372, stack(0x0000008400a00000,0x0000008400b00000)]
  0x00000255bcd58fb0 JavaThread "Unconstrained build operations Thread 73" [_thread_blocked, id=13000, stack(0x0000008400b00000,0x0000008400c00000)]
  0x00000255bcd5cc70 JavaThread "Unconstrained build operations Thread 74" [_thread_blocked, id=11236, stack(0x0000008400c00000,0x0000008400d00000)]
  0x00000255bcd594c0 JavaThread "Unconstrained build operations Thread 75" [_thread_blocked, id=25820, stack(0x0000008400d00000,0x0000008400e00000)]
  0x00000255bcd5efe0 JavaThread "Unconstrained build operations Thread 76" [_thread_blocked, id=4028, stack(0x0000008400e00000,0x0000008400f00000)]
  0x00000255bcd5d690 JavaThread "Unconstrained build operations Thread 77" [_thread_blocked, id=10268, stack(0x0000008400f00000,0x0000008401000000)]
  0x00000255bcd5dba0 JavaThread "Unconstrained build operations Thread 78" [_thread_blocked, id=23340, stack(0x0000008401000000,0x0000008401100000)]
  0x00000255bcd5e0b0 JavaThread "Unconstrained build operations Thread 79" [_thread_blocked, id=21468, stack(0x0000008401100000,0x0000008401200000)]
  0x00000255bcd5e5c0 JavaThread "Unconstrained build operations Thread 80" [_thread_blocked, id=26388, stack(0x0000008401200000,0x0000008401300000)]
  0x00000255bf373c70 JavaThread "File lock release action executor Thread 9" [_thread_blocked, id=20520, stack(0x0000008401300000,0x0000008401400000)]

Other Threads:
  0x000002559b0c96b0 VMThread "VM Thread" [stack: 0x0000008478500000,0x0000008478600000] [id=23976]
  0x000002559b3635f0 WatcherThread [stack: 0x0000008479100000,0x0000008479200000] [id=30040]
  0x00000255fcef7170 GCTaskThread "GC Thread#0" [stack: 0x0000008478000000,0x0000008478100000] [id=28508]
  0x000002559be6ad90 GCTaskThread "GC Thread#1" [stack: 0x0000008479200000,0x0000008479300000] [id=29552]
  0x000002559b301a40 GCTaskThread "GC Thread#2" [stack: 0x0000008479300000,0x0000008479400000] [id=6180]
  0x00000255bb509b40 GCTaskThread "GC Thread#3" [stack: 0x0000008479400000,0x0000008479500000] [id=17964]
  0x000002559b7c78e0 GCTaskThread "GC Thread#4" [stack: 0x0000008479500000,0x0000008479600000] [id=25948]
  0x000002559b1463d0 GCTaskThread "GC Thread#5" [stack: 0x000000847a600000,0x000000847a700000] [id=32028]
  0x000002559b146110 GCTaskThread "GC Thread#6" [stack: 0x000000847a700000,0x000000847a800000] [id=5744]
  0x000002559b1479d0 GCTaskThread "GC Thread#7" [stack: 0x000000847a800000,0x000000847a900000] [id=20368]
  0x00000255fcf07fd0 ConcurrentGCThread "G1 Main Marker" [stack: 0x0000008478100000,0x0000008478200000] [id=21640]
  0x00000255fcf088f0 ConcurrentGCThread "G1 Conc#0" [stack: 0x0000008478200000,0x0000008478300000] [id=18668]
  0x000002559b145e50 ConcurrentGCThread "G1 Conc#1" [stack: 0x000000847aa00000,0x000000847ab00000] [id=13408]
  0x000002559af820b0 ConcurrentGCThread "G1 Refine#0" [stack: 0x0000008478300000,0x0000008478400000] [id=30736]
  0x00000255bd829070 ConcurrentGCThread "G1 Refine#1" [stack: 0x000000847b600000,0x000000847b700000] [id=25128]
  0x000002559af82b50 ConcurrentGCThread "G1 Service" [stack: 0x0000008478400000,0x0000008478500000] [id=3684]

Threads with active compile tasks:
C2 CompilerThread0  1681770 12419       4       org.gradle.internal.instantiation.generator.AbstractClassGenerator::inspectType (560 bytes)

VM state: not at safepoint (normal execution)

VM Mutex/Monitor currently owned by a thread: None

Heap address: 0x0000000080000000, size: 2048 MB, Compressed Oops mode: 32-bit

CDS archive(s) mapped at: [0x000002559c000000-0x000002559cbd0000-0x000002559cbd0000), size 12386304, SharedBaseAddress: 0x000002559c000000, ArchiveRelocationMode: 1.
Compressed class space mapped at: 0x000002559d000000-0x00000255b7000000, reserved size: 436207616
Narrow klass base: 0x000002559c000000, Narrow klass shift: 0, Narrow klass range: 0x100000000

GC Precious Log:
 CPUs: 8 total, 8 available
 Memory: 7502M
 Large Page Support: Disabled
 NUMA Support: Disabled
 Compressed Oops: Enabled (32-bit)
 Heap Region Size: 1M
 Heap Min Capacity: 8M
 Heap Initial Capacity: 118M
 Heap Max Capacity: 2G
 Pre-touch: Disabled
 Parallel Workers: 8
 Concurrent Workers: 2
 Concurrent Refinement Workers: 8
 Periodic GC: Disabled

Heap:
 garbage-first heap   total 301056K, used 114559K [0x0000000080000000, 0x0000000100000000)
  region size 1024K, 5 young (5120K), 2 survivors (2048K)
 Metaspace       used 83955K, committed 84864K, reserved 557056K
  class space    used 11567K, committed 11968K, reserved 425984K

Heap Regions: E=young(eden), S=young(survivor), O=old, HS=humongous(starts), HC=humongous(continues), CS=collection set, F=free, OA=open archive, CA=closed archive, TAMS=top-at-mark-start (previous, next)
|   0|0x0000000080000000, 0x0000000080100000, 0x0000000080100000|100%|HS|  |TAMS 0x0000000080100000, 0x0000000080000000| Complete 
|   1|0x0000000080100000, 0x0000000080200000, 0x0000000080200000|100%|HC|  |TAMS 0x0000000080200000, 0x0000000080100000| Complete 
|   2|0x0000000080200000, 0x0000000080300000, 0x0000000080300000|100%|HC|  |TAMS 0x0000000080300000, 0x0000000080200000| Complete 
|   3|0x0000000080300000, 0x0000000080400000, 0x0000000080400000|100%|HC|  |TAMS 0x0000000080400000, 0x0000000080300000| Complete 
|   4|0x0000000080400000, 0x0000000080500000, 0x0000000080500000|100%| O|  |TAMS 0x0000000080500000, 0x0000000080400000| Untracked 
|   5|0x0000000080500000, 0x0000000080600000, 0x0000000080600000|100%| O|  |TAMS 0x0000000080600000, 0x0000000080500000| Untracked 
|   6|0x0000000080600000, 0x0000000080700000, 0x0000000080700000|100%| O|  |TAMS 0x0000000080700000, 0x0000000080600000| Untracked 
|   7|0x0000000080700000, 0x0000000080800000, 0x0000000080800000|100%| O|  |TAMS 0x0000000080800000, 0x0000000080700000| Untracked 
|   8|0x0000000080800000, 0x0000000080900000, 0x0000000080900000|100%| O|  |TAMS 0x0000000080900000, 0x0000000080800000| Untracked 
|   9|0x0000000080900000, 0x0000000080a00000, 0x0000000080a00000|100%| O|  |TAMS 0x0000000080a00000, 0x0000000080900000| Untracked 
|  10|0x0000000080a00000, 0x0000000080b00000, 0x0000000080b00000|100%| O|  |TAMS 0x0000000080b00000, 0x0000000080a00000| Untracked 
|  11|0x0000000080b00000, 0x0000000080c00000, 0x0000000080c00000|100%| O|  |TAMS 0x0000000080c00000, 0x0000000080b00000| Untracked 
|  12|0x0000000080c00000, 0x0000000080d00000, 0x0000000080d00000|100%| O|  |TAMS 0x0000000080d00000, 0x0000000080c00000| Untracked 
|  13|0x0000000080d00000, 0x0000000080e00000, 0x0000000080e00000|100%| O|  |TAMS 0x0000000080e00000, 0x0000000080d00000| Untracked 
|  14|0x0000000080e00000, 0x0000000080f00000, 0x0000000080f00000|100%| O|  |TAMS 0x0000000080f00000, 0x0000000080e00000| Untracked 
|  15|0x0000000080f00000, 0x0000000081000000, 0x0000000081000000|100%| O|  |TAMS 0x0000000081000000, 0x0000000080f00000| Untracked 
|  16|0x0000000081000000, 0x0000000081100000, 0x0000000081100000|100%| O|  |TAMS 0x0000000081100000, 0x0000000081000000| Untracked 
|  17|0x0000000081100000, 0x0000000081200000, 0x0000000081200000|100%| O|  |TAMS 0x0000000081200000, 0x0000000081100000| Untracked 
|  18|0x0000000081200000, 0x0000000081300000, 0x0000000081300000|100%| O|  |TAMS 0x0000000081300000, 0x0000000081200000| Untracked 
|  19|0x0000000081300000, 0x0000000081400000, 0x0000000081400000|100%| O|  |TAMS 0x0000000081300000, 0x0000000081300000| Untracked 
|  20|0x0000000081400000, 0x0000000081500000, 0x0000000081500000|100%| O|  |TAMS 0x0000000081500000, 0x0000000081400000| Untracked 
|  21|0x0000000081500000, 0x0000000081600000, 0x0000000081600000|100%| O|  |TAMS 0x0000000081600000, 0x0000000081500000| Untracked 
|  22|0x0000000081600000, 0x0000000081700000, 0x0000000081700000|100%| O|  |TAMS 0x0000000081700000, 0x0000000081600000| Untracked 
|  23|0x0000000081700000, 0x0000000081800000, 0x0000000081800000|100%| O|  |TAMS 0x0000000081800000, 0x0000000081700000| Untracked 
|  24|0x0000000081800000, 0x0000000081900000, 0x0000000081900000|100%| O|  |TAMS 0x0000000081900000, 0x0000000081800000| Untracked 
|  25|0x0000000081900000, 0x0000000081a00000, 0x0000000081a00000|100%| O|  |TAMS 0x0000000081a00000, 0x0000000081900000| Untracked 
|  26|0x0000000081a00000, 0x0000000081b00000, 0x0000000081b00000|100%| O|  |TAMS 0x0000000081b00000, 0x0000000081a00000| Untracked 
|  27|0x0000000081b00000, 0x0000000081c00000, 0x0000000081c00000|100%| O|  |TAMS 0x0000000081c00000, 0x0000000081b00000| Untracked 
|  28|0x0000000081c00000, 0x0000000081d00000, 0x0000000081d00000|100%| O|  |TAMS 0x0000000081d00000, 0x0000000081c00000| Untracked 
|  29|0x0000000081d00000, 0x0000000081e00000, 0x0000000081e00000|100%| O|  |TAMS 0x0000000081e00000, 0x0000000081d00000| Untracked 
|  30|0x0000000081e00000, 0x0000000081f00000, 0x0000000081f00000|100%| O|  |TAMS 0x0000000081f00000, 0x0000000081e00000| Untracked 
|  31|0x0000000081f00000, 0x0000000082000000, 0x0000000082000000|100%| O|  |TAMS 0x0000000082000000, 0x0000000081f00000| Untracked 
|  32|0x0000000082000000, 0x0000000082100000, 0x0000000082100000|100%| O|  |TAMS 0x0000000082100000, 0x0000000082000000| Untracked 
|  33|0x0000000082100000, 0x0000000082200000, 0x0000000082200000|100%| O|  |TAMS 0x0000000082200000, 0x0000000082100000| Untracked 
|  34|0x0000000082200000, 0x0000000082300000, 0x0000000082300000|100%|HS|  |TAMS 0x0000000082300000, 0x0000000082200000| Complete 
|  35|0x0000000082300000, 0x0000000082400000, 0x0000000082400000|100%|HC|  |TAMS 0x0000000082400000, 0x0000000082300000| Complete 
|  36|0x0000000082400000, 0x0000000082500000, 0x0000000082500000|100%|HS|  |TAMS 0x0000000082500000, 0x0000000082400000| Complete 
|  37|0x0000000082500000, 0x0000000082600000, 0x0000000082600000|100%|HC|  |TAMS 0x0000000082600000, 0x0000000082500000| Complete 
|  38|0x0000000082600000, 0x0000000082700000, 0x0000000082700000|100%|HC|  |TAMS 0x0000000082700000, 0x0000000082600000| Complete 
|  39|0x0000000082700000, 0x0000000082800000, 0x0000000082800000|100%|HC|  |TAMS 0x0000000082800000, 0x0000000082700000| Complete 
|  40|0x0000000082800000, 0x0000000082900000, 0x0000000082900000|100%| O|  |TAMS 0x0000000082900000, 0x0000000082800000| Untracked 
|  41|0x0000000082900000, 0x0000000082a00000, 0x0000000082a00000|100%| O|  |TAMS 0x0000000082a00000, 0x0000000082900000| Untracked 
|  42|0x0000000082a00000, 0x0000000082b00000, 0x0000000082b00000|100%| O|  |TAMS 0x0000000082b00000, 0x0000000082a00000| Untracked 
|  43|0x0000000082b00000, 0x0000000082c00000, 0x0000000082c00000|100%| O|  |TAMS 0x0000000082c00000, 0x0000000082b00000| Untracked 
|  44|0x0000000082c00000, 0x0000000082d00000, 0x0000000082d00000|100%| O|  |TAMS 0x0000000082d00000, 0x0000000082c00000| Untracked 
|  45|0x0000000082d00000, 0x0000000082e00000, 0x0000000082e00000|100%| O|  |TAMS 0x0000000082e00000, 0x0000000082d00000| Untracked 
|  46|0x0000000082e00000, 0x0000000082f00000, 0x0000000082f00000|100%| O|  |TAMS 0x0000000082f00000, 0x0000000082e00000| Untracked 
|  47|0x0000000082f00000, 0x0000000083000000, 0x0000000083000000|100%| O|  |TAMS 0x0000000083000000, 0x0000000082f00000| Untracked 
|  48|0x0000000083000000, 0x0000000083100000, 0x0000000083100000|100%| O|  |TAMS 0x0000000083100000, 0x0000000083000000| Untracked 
|  49|0x0000000083100000, 0x0000000083200000, 0x0000000083200000|100%| O|  |TAMS 0x0000000083200000, 0x0000000083100000| Untracked 
|  50|0x0000000083200000, 0x0000000083300000, 0x0000000083300000|100%| O|  |TAMS 0x0000000083300000, 0x0000000083200000| Untracked 
|  51|0x0000000083300000, 0x0000000083400000, 0x0000000083400000|100%| O|  |TAMS 0x0000000083400000, 0x0000000083300000| Untracked 
|  52|0x0000000083400000, 0x0000000083500000, 0x0000000083500000|100%| O|  |TAMS 0x0000000083500000, 0x0000000083400000| Untracked 
|  53|0x0000000083500000, 0x0000000083600000, 0x0000000083600000|100%| O|  |TAMS 0x0000000083500000, 0x0000000083500000| Untracked 
|  54|0x0000000083600000, 0x0000000083700000, 0x0000000083700000|100%| O|  |TAMS 0x0000000083700000, 0x0000000083600000| Untracked 
|  55|0x0000000083700000, 0x0000000083800000, 0x0000000083800000|100%|HS|  |TAMS 0x0000000083800000, 0x0000000083700000| Complete 
|  56|0x0000000083800000, 0x0000000083900000, 0x0000000083900000|100%| O|  |TAMS 0x0000000083900000, 0x0000000083800000| Untracked 
|  57|0x0000000083900000, 0x0000000083a00000, 0x0000000083a00000|100%| O|  |TAMS 0x0000000083a00000, 0x0000000083900000| Untracked 
|  58|0x0000000083a00000, 0x0000000083b00000, 0x0000000083b00000|100%| O|  |TAMS 0x0000000083a00000, 0x0000000083a00000| Untracked 
|  59|0x0000000083b00000, 0x0000000083c00000, 0x0000000083c00000|100%| O|  |TAMS 0x0000000083c00000, 0x0000000083b00000| Untracked 
|  60|0x0000000083c00000, 0x0000000083d00000, 0x0000000083d00000|100%| O|  |TAMS 0x0000000083d00000, 0x0000000083c00000| Untracked 
|  61|0x0000000083d00000, 0x0000000083e00000, 0x0000000083e00000|100%|HS|  |TAMS 0x0000000083e00000, 0x0000000083d00000| Complete 
|  62|0x0000000083e00000, 0x0000000083f00000, 0x0000000083f00000|100%|HC|  |TAMS 0x0000000083f00000, 0x0000000083e00000| Complete 
|  63|0x0000000083f00000, 0x0000000084000000, 0x0000000084000000|100%|HS|  |TAMS 0x0000000084000000, 0x0000000083f00000| Complete 
|  64|0x0000000084000000, 0x0000000084100000, 0x0000000084100000|100%|HS|  |TAMS 0x0000000084100000, 0x0000000084000000| Complete 
|  65|0x0000000084100000, 0x0000000084200000, 0x0000000084200000|100%|HC|  |TAMS 0x0000000084200000, 0x0000000084100000| Complete 
|  66|0x0000000084200000, 0x0000000084300000, 0x0000000084300000|100%|HC|  |TAMS 0x0000000084300000, 0x0000000084200000| Complete 
|  67|0x0000000084300000, 0x0000000084400000, 0x0000000084400000|100%|HC|  |TAMS 0x0000000084400000, 0x0000000084300000| Complete 
|  68|0x0000000084400000, 0x0000000084500000, 0x0000000084500000|100%| O|  |TAMS 0x0000000084500000, 0x0000000084400000| Untracked 
|  69|0x0000000084500000, 0x0000000084600000, 0x0000000084600000|100%| O|  |TAMS 0x0000000084600000, 0x0000000084500000| Untracked 
|  70|0x0000000084600000, 0x0000000084700000, 0x0000000084700000|100%| O|  |TAMS 0x0000000084700000, 0x0000000084600000| Untracked 
|  71|0x0000000084700000, 0x0000000084800000, 0x0000000084800000|100%| O|  |TAMS 0x0000000084800000, 0x0000000084700000| Untracked 
|  72|0x0000000084800000, 0x0000000084900000, 0x0000000084900000|100%| O|  |TAMS 0x0000000084900000, 0x0000000084800000| Untracked 
|  73|0x0000000084900000, 0x0000000084a00000, 0x0000000084a00000|100%| O|  |TAMS 0x0000000084a00000, 0x0000000084900000| Untracked 
|  74|0x0000000084a00000, 0x0000000084b00000, 0x0000000084b00000|100%| O|  |TAMS 0x0000000084b00000, 0x0000000084a00000| Untracked 
|  75|0x0000000084b00000, 0x0000000084c00000, 0x0000000084c00000|100%| O|  |TAMS 0x0000000084c00000, 0x0000000084b00000| Untracked 
|  76|0x0000000084c00000, 0x0000000084d00000, 0x0000000084d00000|100%| O|  |TAMS 0x0000000084d00000, 0x0000000084c00000| Untracked 
|  77|0x0000000084d00000, 0x0000000084e00000, 0x0000000084e00000|100%| O|  |TAMS 0x0000000084e00000, 0x0000000084d00000| Untracked 
|  78|0x0000000084e00000, 0x0000000084f00000, 0x0000000084f00000|100%| O|  |TAMS 0x0000000084f00000, 0x0000000084e00000| Untracked 
|  79|0x0000000084f00000, 0x0000000085000000, 0x0000000085000000|100%| O|  |TAMS 0x0000000085000000, 0x0000000084f00000| Untracked 
|  80|0x0000000085000000, 0x0000000085100000, 0x0000000085100000|100%| O|  |TAMS 0x0000000085000000, 0x0000000085000000| Untracked 
|  81|0x0000000085100000, 0x0000000085200000, 0x0000000085200000|100%| O|  |TAMS 0x0000000085200000, 0x0000000085100000| Untracked 
|  82|0x0000000085200000, 0x0000000085300000, 0x0000000085300000|100%| O|  |TAMS 0x0000000085300000, 0x0000000085200000| Untracked 
|  83|0x0000000085300000, 0x0000000085400000, 0x0000000085400000|100%| O|  |TAMS 0x000000008531b800, 0x0000000085300000| Untracked 
|  84|0x0000000085400000, 0x0000000085500000, 0x0000000085500000|100%| O|  |TAMS 0x0000000085500000, 0x0000000085400000| Untracked 
|  85|0x0000000085500000, 0x0000000085600000, 0x0000000085600000|100%| O|  |TAMS 0x0000000085500000, 0x0000000085500000| Untracked 
|  86|0x0000000085600000, 0x0000000085700000, 0x0000000085700000|100%| O|  |TAMS 0x0000000085600000, 0x0000000085600000| Untracked 
|  87|0x0000000085700000, 0x0000000085800000, 0x0000000085800000|100%| O|  |TAMS 0x0000000085700000, 0x0000000085700000| Untracked 
|  88|0x0000000085800000, 0x0000000085900000, 0x0000000085900000|100%| O|  |TAMS 0x0000000085800000, 0x0000000085800000| Untracked 
|  89|0x0000000085900000, 0x0000000085a00000, 0x0000000085a00000|100%|HS|  |TAMS 0x0000000085900000, 0x0000000085900000| Complete 
|  90|0x0000000085a00000, 0x0000000085b00000, 0x0000000085b00000|100%|HC|  |TAMS 0x0000000085a00000, 0x0000000085a00000| Complete 
|  91|0x0000000085b00000, 0x0000000085c00000, 0x0000000085c00000|100%| O|  |TAMS 0x0000000085b00000, 0x0000000085b00000| Untracked 
|  92|0x0000000085c00000, 0x0000000085d00000, 0x0000000085d00000|100%| O|  |TAMS 0x0000000085c00000, 0x0000000085c00000| Untracked 
|  93|0x0000000085d00000, 0x0000000085e00000, 0x0000000085e00000|100%| O|  |TAMS 0x0000000085d00000, 0x0000000085d00000| Untracked 
|  94|0x0000000085e00000, 0x0000000085f00000, 0x0000000085f00000|100%| O|  |TAMS 0x0000000085e00000, 0x0000000085e00000| Untracked 
|  95|0x0000000085f00000, 0x0000000086000000, 0x0000000086000000|100%| O|  |TAMS 0x0000000085f00000, 0x0000000085f00000| Untracked 
|  96|0x0000000086000000, 0x0000000086100000, 0x0000000086100000|100%| O|  |TAMS 0x0000000086000000, 0x0000000086000000| Untracked 
|  97|0x0000000086100000, 0x0000000086200000, 0x0000000086200000|100%| O|  |TAMS 0x0000000086100000, 0x0000000086100000| Untracked 
|  98|0x0000000086200000, 0x0000000086300000, 0x0000000086300000|100%| O|  |TAMS 0x0000000086200000, 0x0000000086200000| Untracked 
|  99|0x0000000086300000, 0x0000000086400000, 0x0000000086400000|100%| O|  |TAMS 0x0000000086300000, 0x0000000086300000| Untracked 
| 100|0x0000000086400000, 0x0000000086500000, 0x0000000086500000|100%| O|  |TAMS 0x0000000086400000, 0x0000000086400000| Untracked 
| 101|0x0000000086500000, 0x0000000086600000, 0x0000000086600000|100%|HS|  |TAMS 0x0000000086500000, 0x0000000086500000| Complete 
| 102|0x0000000086600000, 0x0000000086700000, 0x0000000086700000|100%| O|  |TAMS 0x0000000086600000, 0x0000000086600000| Untracked 
| 103|0x0000000086700000, 0x0000000086800000, 0x0000000086800000|100%| O|  |TAMS 0x0000000086700000, 0x0000000086700000| Untracked 
| 104|0x0000000086800000, 0x0000000086900000, 0x0000000086900000|100%| O|  |TAMS 0x0000000086800000, 0x0000000086800000| Untracked 
| 105|0x0000000086900000, 0x0000000086a00000, 0x0000000086a00000|100%| O|  |TAMS 0x0000000086900000, 0x0000000086900000| Untracked 
| 106|0x0000000086a00000, 0x0000000086b00000, 0x0000000086b00000|100%| O|  |TAMS 0x0000000086a00000, 0x0000000086a00000| Untracked 
| 107|0x0000000086b00000, 0x0000000086bdfc00, 0x0000000086c00000| 87%| O|  |TAMS 0x0000000086b00000, 0x0000000086b00000| Untracked 
| 108|0x0000000086c00000, 0x0000000086c00000, 0x0000000086d00000|  0%| F|  |TAMS 0x0000000086c00000, 0x0000000086c00000| Untracked 
| 109|0x0000000086d00000, 0x0000000086d00000, 0x0000000086e00000|  0%| F|  |TAMS 0x0000000086d00000, 0x0000000086d00000| Untracked 
| 110|0x0000000086e00000, 0x0000000086e00000, 0x0000000086f00000|  0%| F|  |TAMS 0x0000000086e00000, 0x0000000086e00000| Untracked 
| 111|0x0000000086f00000, 0x0000000086f00000, 0x0000000087000000|  0%| F|  |TAMS 0x0000000086f00000, 0x0000000086f00000| Untracked 
| 112|0x0000000087000000, 0x0000000087000000, 0x0000000087100000|  0%| F|  |TAMS 0x0000000087000000, 0x0000000087000000| Untracked 
| 113|0x0000000087100000, 0x0000000087100000, 0x0000000087200000|  0%| F|  |TAMS 0x0000000087100000, 0x0000000087100000| Untracked 
| 114|0x0000000087200000, 0x0000000087200000, 0x0000000087300000|  0%| F|  |TAMS 0x0000000087200000, 0x0000000087200000| Untracked 
| 115|0x0000000087300000, 0x0000000087300000, 0x0000000087400000|  0%| F|  |TAMS 0x0000000087300000, 0x0000000087300000| Untracked 
| 116|0x0000000087400000, 0x0000000087400000, 0x0000000087500000|  0%| F|  |TAMS 0x0000000087400000, 0x0000000087400000| Untracked 
| 117|0x0000000087500000, 0x0000000087500000, 0x0000000087600000|  0%| F|  |TAMS 0x0000000087500000, 0x0000000087500000| Untracked 
| 118|0x0000000087600000, 0x0000000087600000, 0x0000000087700000|  0%| F|  |TAMS 0x0000000087600000, 0x0000000087600000| Untracked 
| 119|0x0000000087700000, 0x0000000087700000, 0x0000000087800000|  0%| F|  |TAMS 0x0000000087700000, 0x0000000087700000| Untracked 
| 120|0x0000000087800000, 0x0000000087800000, 0x0000000087900000|  0%| F|  |TAMS 0x0000000087800000, 0x0000000087800000| Untracked 
| 121|0x0000000087900000, 0x0000000087900000, 0x0000000087a00000|  0%| F|  |TAMS 0x0000000087900000, 0x0000000087900000| Untracked 
| 122|0x0000000087a00000, 0x0000000087a00000, 0x0000000087b00000|  0%| F|  |TAMS 0x0000000087a00000, 0x0000000087a00000| Untracked 
| 123|0x0000000087b00000, 0x0000000087b00000, 0x0000000087c00000|  0%| F|  |TAMS 0x0000000087b00000, 0x0000000087b00000| Untracked 
| 124|0x0000000087c00000, 0x0000000087c00000, 0x0000000087d00000|  0%| F|  |TAMS 0x0000000087c00000, 0x0000000087c00000| Untracked 
| 125|0x0000000087d00000, 0x0000000087d00000, 0x0000000087e00000|  0%| F|  |TAMS 0x0000000087d00000, 0x0000000087d00000| Untracked 
| 126|0x0000000087e00000, 0x0000000087e00000, 0x0000000087f00000|  0%| F|  |TAMS 0x0000000087e00000, 0x0000000087e00000| Untracked 
| 127|0x0000000087f00000, 0x0000000087f00000, 0x0000000088000000|  0%| F|  |TAMS 0x0000000087f00000, 0x0000000087f00000| Untracked 
| 128|0x0000000088000000, 0x0000000088000000, 0x0000000088100000|  0%| F|  |TAMS 0x0000000088000000, 0x0000000088000000| Untracked 
| 129|0x0000000088100000, 0x0000000088100000, 0x0000000088200000|  0%| F|  |TAMS 0x0000000088100000, 0x0000000088100000| Untracked 
| 130|0x0000000088200000, 0x0000000088200000, 0x0000000088300000|  0%| F|  |TAMS 0x0000000088200000, 0x0000000088200000| Untracked 
| 131|0x0000000088300000, 0x0000000088300000, 0x0000000088400000|  0%| F|  |TAMS 0x0000000088300000, 0x0000000088300000| Untracked 
| 132|0x0000000088400000, 0x0000000088400000, 0x0000000088500000|  0%| F|  |TAMS 0x0000000088400000, 0x0000000088400000| Untracked 
| 133|0x0000000088500000, 0x0000000088500000, 0x0000000088600000|  0%| F|  |TAMS 0x0000000088500000, 0x0000000088500000| Untracked 
| 134|0x0000000088600000, 0x0000000088600000, 0x0000000088700000|  0%| F|  |TAMS 0x0000000088600000, 0x0000000088600000| Untracked 
| 135|0x0000000088700000, 0x0000000088700000, 0x0000000088800000|  0%| F|  |TAMS 0x0000000088700000, 0x0000000088700000| Untracked 
| 136|0x0000000088800000, 0x0000000088800000, 0x0000000088900000|  0%| F|  |TAMS 0x0000000088800000, 0x0000000088800000| Untracked 
| 137|0x0000000088900000, 0x0000000088900000, 0x0000000088a00000|  0%| F|  |TAMS 0x0000000088900000, 0x0000000088900000| Untracked 
| 138|0x0000000088a00000, 0x0000000088a00000, 0x0000000088b00000|  0%| F|  |TAMS 0x0000000088a00000, 0x0000000088a00000| Untracked 
| 139|0x0000000088b00000, 0x0000000088b00000, 0x0000000088c00000|  0%| F|  |TAMS 0x0000000088b00000, 0x0000000088b00000| Untracked 
| 140|0x0000000088c00000, 0x0000000088c00000, 0x0000000088d00000|  0%| F|  |TAMS 0x0000000088c00000, 0x0000000088c00000| Untracked 
| 141|0x0000000088d00000, 0x0000000088d00000, 0x0000000088e00000|  0%| F|  |TAMS 0x0000000088d00000, 0x0000000088d00000| Untracked 
| 142|0x0000000088e00000, 0x0000000088e00000, 0x0000000088f00000|  0%| F|  |TAMS 0x0000000088e00000, 0x0000000088e00000| Untracked 
| 143|0x0000000088f00000, 0x0000000088f00000, 0x0000000089000000|  0%| F|  |TAMS 0x0000000088f00000, 0x0000000088f00000| Untracked 
| 144|0x0000000089000000, 0x0000000089000000, 0x0000000089100000|  0%| F|  |TAMS 0x0000000089000000, 0x0000000089000000| Untracked 
| 145|0x0000000089100000, 0x0000000089100000, 0x0000000089200000|  0%| F|  |TAMS 0x0000000089100000, 0x0000000089100000| Untracked 
| 146|0x0000000089200000, 0x0000000089200000, 0x0000000089300000|  0%| F|  |TAMS 0x0000000089200000, 0x0000000089200000| Untracked 
| 147|0x0000000089300000, 0x0000000089300000, 0x0000000089400000|  0%| F|  |TAMS 0x0000000089300000, 0x0000000089300000| Untracked 
| 148|0x0000000089400000, 0x0000000089400000, 0x0000000089500000|  0%| F|  |TAMS 0x0000000089400000, 0x0000000089400000| Untracked 
| 149|0x0000000089500000, 0x0000000089500000, 0x0000000089600000|  0%| F|  |TAMS 0x0000000089500000, 0x0000000089500000| Untracked 
| 150|0x0000000089600000, 0x0000000089600000, 0x0000000089700000|  0%| F|  |TAMS 0x0000000089600000, 0x0000000089600000| Untracked 
| 151|0x0000000089700000, 0x0000000089700000, 0x0000000089800000|  0%| F|  |TAMS 0x0000000089700000, 0x0000000089700000| Untracked 
| 152|0x0000000089800000, 0x0000000089800000, 0x0000000089900000|  0%| F|  |TAMS 0x0000000089800000, 0x0000000089800000| Untracked 
| 153|0x0000000089900000, 0x0000000089900000, 0x0000000089a00000|  0%| F|  |TAMS 0x0000000089900000, 0x0000000089900000| Untracked 
| 154|0x0000000089a00000, 0x0000000089a00000, 0x0000000089b00000|  0%| F|  |TAMS 0x0000000089a00000, 0x0000000089a00000| Untracked 
| 155|0x0000000089b00000, 0x0000000089b00000, 0x0000000089c00000|  0%| F|  |TAMS 0x0000000089b00000, 0x0000000089b00000| Untracked 
| 156|0x0000000089c00000, 0x0000000089c00000, 0x0000000089d00000|  0%| F|  |TAMS 0x0000000089c00000, 0x0000000089c00000| Untracked 
| 157|0x0000000089d00000, 0x0000000089d00000, 0x0000000089e00000|  0%| F|  |TAMS 0x0000000089d00000, 0x0000000089d00000| Untracked 
| 158|0x0000000089e00000, 0x0000000089e00000, 0x0000000089f00000|  0%| F|  |TAMS 0x0000000089e00000, 0x0000000089e00000| Untracked 
| 159|0x0000000089f00000, 0x0000000089f00000, 0x000000008a000000|  0%| F|  |TAMS 0x0000000089f00000, 0x0000000089f00000| Untracked 
| 160|0x000000008a000000, 0x000000008a000000, 0x000000008a100000|  0%| F|  |TAMS 0x000000008a000000, 0x000000008a000000| Untracked 
| 161|0x000000008a100000, 0x000000008a100000, 0x000000008a200000|  0%| F|  |TAMS 0x000000008a100000, 0x000000008a100000| Untracked 
| 162|0x000000008a200000, 0x000000008a200000, 0x000000008a300000|  0%| F|  |TAMS 0x000000008a200000, 0x000000008a200000| Untracked 
| 163|0x000000008a300000, 0x000000008a300000, 0x000000008a400000|  0%| F|  |TAMS 0x000000008a300000, 0x000000008a300000| Untracked 
| 164|0x000000008a400000, 0x000000008a400000, 0x000000008a500000|  0%| F|  |TAMS 0x000000008a400000, 0x000000008a400000| Untracked 
| 165|0x000000008a500000, 0x000000008a500000, 0x000000008a600000|  0%| F|  |TAMS 0x000000008a500000, 0x000000008a500000| Untracked 
| 166|0x000000008a600000, 0x000000008a600000, 0x000000008a700000|  0%| F|  |TAMS 0x000000008a600000, 0x000000008a600000| Untracked 
| 167|0x000000008a700000, 0x000000008a700000, 0x000000008a800000|  0%| F|  |TAMS 0x000000008a700000, 0x000000008a700000| Untracked 
| 168|0x000000008a800000, 0x000000008a800000, 0x000000008a900000|  0%| F|  |TAMS 0x000000008a800000, 0x000000008a800000| Untracked 
| 169|0x000000008a900000, 0x000000008a900000, 0x000000008aa00000|  0%| F|  |TAMS 0x000000008a900000, 0x000000008a900000| Untracked 
| 170|0x000000008aa00000, 0x000000008aa00000, 0x000000008ab00000|  0%| F|  |TAMS 0x000000008aa00000, 0x000000008aa00000| Untracked 
| 171|0x000000008ab00000, 0x000000008ab00000, 0x000000008ac00000|  0%| F|  |TAMS 0x000000008ab00000, 0x000000008ab00000| Untracked 
| 172|0x000000008ac00000, 0x000000008ac00000, 0x000000008ad00000|  0%| F|  |TAMS 0x000000008ac00000, 0x000000008ac00000| Untracked 
| 173|0x000000008ad00000, 0x000000008ad00000, 0x000000008ae00000|  0%| F|  |TAMS 0x000000008ad00000, 0x000000008ad00000| Untracked 
| 174|0x000000008ae00000, 0x000000008ae00000, 0x000000008af00000|  0%| F|  |TAMS 0x000000008ae00000, 0x000000008ae00000| Untracked 
| 175|0x000000008af00000, 0x000000008af00000, 0x000000008b000000|  0%| F|  |TAMS 0x000000008af00000, 0x000000008af00000| Untracked 
| 176|0x000000008b000000, 0x000000008b000000, 0x000000008b100000|  0%| F|  |TAMS 0x000000008b000000, 0x000000008b000000| Untracked 
| 177|0x000000008b100000, 0x000000008b100000, 0x000000008b200000|  0%| F|  |TAMS 0x000000008b100000, 0x000000008b100000| Untracked 
| 178|0x000000008b200000, 0x000000008b200000, 0x000000008b300000|  0%| F|  |TAMS 0x000000008b200000, 0x000000008b200000| Untracked 
| 179|0x000000008b300000, 0x000000008b300000, 0x000000008b400000|  0%| F|  |TAMS 0x000000008b300000, 0x000000008b300000| Untracked 
| 180|0x000000008b400000, 0x000000008b400000, 0x000000008b500000|  0%| F|  |TAMS 0x000000008b400000, 0x000000008b400000| Untracked 
| 181|0x000000008b500000, 0x000000008b500000, 0x000000008b600000|  0%| F|  |TAMS 0x000000008b500000, 0x000000008b500000| Untracked 
| 182|0x000000008b600000, 0x000000008b600000, 0x000000008b700000|  0%| F|  |TAMS 0x000000008b600000, 0x000000008b600000| Untracked 
| 183|0x000000008b700000, 0x000000008b700000, 0x000000008b800000|  0%| F|  |TAMS 0x000000008b700000, 0x000000008b700000| Untracked 
| 184|0x000000008b800000, 0x000000008b800000, 0x000000008b900000|  0%| F|  |TAMS 0x000000008b800000, 0x000000008b800000| Untracked 
| 185|0x000000008b900000, 0x000000008b900000, 0x000000008ba00000|  0%| F|  |TAMS 0x000000008b900000, 0x000000008b900000| Untracked 
| 186|0x000000008ba00000, 0x000000008ba00000, 0x000000008bb00000|  0%| F|  |TAMS 0x000000008ba00000, 0x000000008ba00000| Untracked 
| 187|0x000000008bb00000, 0x000000008bb00000, 0x000000008bc00000|  0%| F|  |TAMS 0x000000008bb00000, 0x000000008bb00000| Untracked 
| 188|0x000000008bc00000, 0x000000008bc00000, 0x000000008bd00000|  0%| F|  |TAMS 0x000000008bc00000, 0x000000008bc00000| Untracked 
| 189|0x000000008bd00000, 0x000000008bd00000, 0x000000008be00000|  0%| F|  |TAMS 0x000000008bd00000, 0x000000008bd00000| Untracked 
| 190|0x000000008be00000, 0x000000008be00000, 0x000000008bf00000|  0%| F|  |TAMS 0x000000008be00000, 0x000000008be00000| Untracked 
| 191|0x000000008bf00000, 0x000000008bf00000, 0x000000008c000000|  0%| F|  |TAMS 0x000000008bf00000, 0x000000008bf00000| Untracked 
| 192|0x000000008c000000, 0x000000008c000000, 0x000000008c100000|  0%| F|  |TAMS 0x000000008c000000, 0x000000008c000000| Untracked 
| 193|0x000000008c100000, 0x000000008c100000, 0x000000008c200000|  0%| F|  |TAMS 0x000000008c100000, 0x000000008c100000| Untracked 
| 194|0x000000008c200000, 0x000000008c200000, 0x000000008c300000|  0%| F|  |TAMS 0x000000008c200000, 0x000000008c200000| Untracked 
| 195|0x000000008c300000, 0x000000008c300000, 0x000000008c400000|  0%| F|  |TAMS 0x000000008c300000, 0x000000008c300000| Untracked 
| 196|0x000000008c400000, 0x000000008c400000, 0x000000008c500000|  0%| F|  |TAMS 0x000000008c400000, 0x000000008c400000| Untracked 
| 197|0x000000008c500000, 0x000000008c500000, 0x000000008c600000|  0%| F|  |TAMS 0x000000008c500000, 0x000000008c500000| Untracked 
| 198|0x000000008c600000, 0x000000008c600000, 0x000000008c700000|  0%| F|  |TAMS 0x000000008c600000, 0x000000008c600000| Untracked 
| 199|0x000000008c700000, 0x000000008c700000, 0x000000008c800000|  0%| F|  |TAMS 0x000000008c700000, 0x000000008c700000| Untracked 
| 200|0x000000008c800000, 0x000000008c800000, 0x000000008c900000|  0%| F|  |TAMS 0x000000008c800000, 0x000000008c800000| Untracked 
| 201|0x000000008c900000, 0x000000008c900000, 0x000000008ca00000|  0%| F|  |TAMS 0x000000008c900000, 0x000000008c900000| Untracked 
| 202|0x000000008ca00000, 0x000000008ca00000, 0x000000008cb00000|  0%| F|  |TAMS 0x000000008ca00000, 0x000000008ca00000| Untracked 
| 203|0x000000008cb00000, 0x000000008cb00000, 0x000000008cc00000|  0%| F|  |TAMS 0x000000008cb00000, 0x000000008cb00000| Untracked 
| 204|0x000000008cc00000, 0x000000008cc00000, 0x000000008cd00000|  0%| F|  |TAMS 0x000000008cc00000, 0x000000008cc00000| Untracked 
| 205|0x000000008cd00000, 0x000000008cd00000, 0x000000008ce00000|  0%| F|  |TAMS 0x000000008cd00000, 0x000000008cd00000| Untracked 
| 206|0x000000008ce00000, 0x000000008ce00000, 0x000000008cf00000|  0%| F|  |TAMS 0x000000008ce00000, 0x000000008ce00000| Untracked 
| 207|0x000000008cf00000, 0x000000008cf00000, 0x000000008d000000|  0%| F|  |TAMS 0x000000008cf00000, 0x000000008cf00000| Untracked 
| 208|0x000000008d000000, 0x000000008d000000, 0x000000008d100000|  0%| F|  |TAMS 0x000000008d000000, 0x000000008d000000| Untracked 
| 209|0x000000008d100000, 0x000000008d100000, 0x000000008d200000|  0%| F|  |TAMS 0x000000008d100000, 0x000000008d100000| Untracked 
| 210|0x000000008d200000, 0x000000008d200000, 0x000000008d300000|  0%| F|  |TAMS 0x000000008d200000, 0x000000008d200000| Untracked 
| 211|0x000000008d300000, 0x000000008d300000, 0x000000008d400000|  0%| F|  |TAMS 0x000000008d300000, 0x000000008d300000| Untracked 
| 212|0x000000008d400000, 0x000000008d400000, 0x000000008d500000|  0%| F|  |TAMS 0x000000008d400000, 0x000000008d400000| Untracked 
| 213|0x000000008d500000, 0x000000008d500000, 0x000000008d600000|  0%| F|  |TAMS 0x000000008d500000, 0x000000008d500000| Untracked 
| 214|0x000000008d600000, 0x000000008d600000, 0x000000008d700000|  0%| F|  |TAMS 0x000000008d600000, 0x000000008d600000| Untracked 
| 215|0x000000008d700000, 0x000000008d700000, 0x000000008d800000|  0%| F|  |TAMS 0x000000008d700000, 0x000000008d700000| Untracked 
| 216|0x000000008d800000, 0x000000008d800000, 0x000000008d900000|  0%| F|  |TAMS 0x000000008d800000, 0x000000008d800000| Untracked 
| 217|0x000000008d900000, 0x000000008d900000, 0x000000008da00000|  0%| F|  |TAMS 0x000000008d900000, 0x000000008d900000| Untracked 
| 218|0x000000008da00000, 0x000000008da00000, 0x000000008db00000|  0%| F|  |TAMS 0x000000008da00000, 0x000000008da00000| Untracked 
| 219|0x000000008db00000, 0x000000008db00000, 0x000000008dc00000|  0%| F|  |TAMS 0x000000008db00000, 0x000000008db00000| Untracked 
| 220|0x000000008dc00000, 0x000000008dc00000, 0x000000008dd00000|  0%| F|  |TAMS 0x000000008dc00000, 0x000000008dc00000| Untracked 
| 221|0x000000008dd00000, 0x000000008dd00000, 0x000000008de00000|  0%| F|  |TAMS 0x000000008dd00000, 0x000000008dd00000| Untracked 
| 222|0x000000008de00000, 0x000000008de00000, 0x000000008df00000|  0%| F|  |TAMS 0x000000008de00000, 0x000000008de00000| Untracked 
| 223|0x000000008df00000, 0x000000008df00000, 0x000000008e000000|  0%| F|  |TAMS 0x000000008df00000, 0x000000008df00000| Untracked 
| 224|0x000000008e000000, 0x000000008e000000, 0x000000008e100000|  0%| F|  |TAMS 0x000000008e000000, 0x000000008e000000| Untracked 
| 225|0x000000008e100000, 0x000000008e100000, 0x000000008e200000|  0%| F|  |TAMS 0x000000008e100000, 0x000000008e100000| Untracked 
| 226|0x000000008e200000, 0x000000008e200000, 0x000000008e300000|  0%| F|  |TAMS 0x000000008e200000, 0x000000008e200000| Untracked 
| 227|0x000000008e300000, 0x000000008e300000, 0x000000008e400000|  0%| F|  |TAMS 0x000000008e300000, 0x000000008e300000| Untracked 
| 228|0x000000008e400000, 0x000000008e400000, 0x000000008e500000|  0%| F|  |TAMS 0x000000008e400000, 0x000000008e400000| Untracked 
| 229|0x000000008e500000, 0x000000008e500000, 0x000000008e600000|  0%| F|  |TAMS 0x000000008e500000, 0x000000008e500000| Untracked 
| 230|0x000000008e600000, 0x000000008e600000, 0x000000008e700000|  0%| F|  |TAMS 0x000000008e600000, 0x000000008e600000| Untracked 
| 231|0x000000008e700000, 0x000000008e700000, 0x000000008e800000|  0%| F|  |TAMS 0x000000008e700000, 0x000000008e700000| Untracked 
| 232|0x000000008e800000, 0x000000008e800000, 0x000000008e900000|  0%| F|  |TAMS 0x000000008e800000, 0x000000008e800000| Untracked 
| 233|0x000000008e900000, 0x000000008e900000, 0x000000008ea00000|  0%| F|  |TAMS 0x000000008e900000, 0x000000008e900000| Untracked 
| 234|0x000000008ea00000, 0x000000008ea00000, 0x000000008eb00000|  0%| F|  |TAMS 0x000000008ea00000, 0x000000008ea00000| Untracked 
| 235|0x000000008eb00000, 0x000000008eb00000, 0x000000008ec00000|  0%| F|  |TAMS 0x000000008eb00000, 0x000000008eb00000| Untracked 
| 236|0x000000008ec00000, 0x000000008ec00000, 0x000000008ed00000|  0%| F|  |TAMS 0x000000008ec00000, 0x000000008ec00000| Untracked 
| 237|0x000000008ed00000, 0x000000008ed00000, 0x000000008ee00000|  0%| F|  |TAMS 0x000000008ed00000, 0x000000008ed00000| Untracked 
| 238|0x000000008ee00000, 0x000000008ee00000, 0x000000008ef00000|  0%| F|  |TAMS 0x000000008ee00000, 0x000000008ee00000| Untracked 
| 239|0x000000008ef00000, 0x000000008ef00000, 0x000000008f000000|  0%| F|  |TAMS 0x000000008ef00000, 0x000000008ef00000| Untracked 
| 240|0x000000008f000000, 0x000000008f000000, 0x000000008f100000|  0%| F|  |TAMS 0x000000008f000000, 0x000000008f000000| Untracked 
| 241|0x000000008f100000, 0x000000008f100000, 0x000000008f200000|  0%| F|  |TAMS 0x000000008f100000, 0x000000008f100000| Untracked 
| 242|0x000000008f200000, 0x000000008f200000, 0x000000008f300000|  0%| F|  |TAMS 0x000000008f200000, 0x000000008f200000| Untracked 
| 243|0x000000008f300000, 0x000000008f300000, 0x000000008f400000|  0%| F|  |TAMS 0x000000008f300000, 0x000000008f300000| Untracked 
| 244|0x000000008f400000, 0x000000008f400000, 0x000000008f500000|  0%| F|  |TAMS 0x000000008f400000, 0x000000008f400000| Untracked 
| 245|0x000000008f500000, 0x000000008f500000, 0x000000008f600000|  0%| F|  |TAMS 0x000000008f500000, 0x000000008f500000| Untracked 
| 246|0x000000008f600000, 0x000000008f600000, 0x000000008f700000|  0%| F|  |TAMS 0x000000008f600000, 0x000000008f600000| Untracked 
| 247|0x000000008f700000, 0x000000008f700000, 0x000000008f800000|  0%| F|  |TAMS 0x000000008f700000, 0x000000008f700000| Untracked 
| 248|0x000000008f800000, 0x000000008f800000, 0x000000008f900000|  0%| F|  |TAMS 0x000000008f800000, 0x000000008f800000| Untracked 
| 249|0x000000008f900000, 0x000000008f900000, 0x000000008fa00000|  0%| F|  |TAMS 0x000000008f900000, 0x000000008f900000| Untracked 
| 250|0x000000008fa00000, 0x000000008fa00000, 0x000000008fb00000|  0%| F|  |TAMS 0x000000008fa00000, 0x000000008fa00000| Untracked 
| 251|0x000000008fb00000, 0x000000008fb00000, 0x000000008fc00000|  0%| F|  |TAMS 0x000000008fb00000, 0x000000008fb00000| Untracked 
| 252|0x000000008fc00000, 0x000000008fc00000, 0x000000008fd00000|  0%| F|  |TAMS 0x000000008fc00000, 0x000000008fc00000| Untracked 
| 253|0x000000008fd00000, 0x000000008fd00000, 0x000000008fe00000|  0%| F|  |TAMS 0x000000008fd00000, 0x000000008fd00000| Untracked 
| 254|0x000000008fe00000, 0x000000008fe00000, 0x000000008ff00000|  0%| F|  |TAMS 0x000000008fe00000, 0x000000008fe00000| Untracked 
| 255|0x000000008ff00000, 0x000000008ff00000, 0x0000000090000000|  0%| F|  |TAMS 0x000000008ff00000, 0x000000008ff00000| Untracked 
| 256|0x0000000090000000, 0x0000000090000000, 0x0000000090100000|  0%| F|  |TAMS 0x0000000090000000, 0x0000000090000000| Untracked 
| 257|0x0000000090100000, 0x0000000090100000, 0x0000000090200000|  0%| F|  |TAMS 0x0000000090100000, 0x0000000090100000| Untracked 
| 258|0x0000000090200000, 0x0000000090200000, 0x0000000090300000|  0%| F|  |TAMS 0x0000000090200000, 0x0000000090200000| Untracked 
| 259|0x0000000090300000, 0x0000000090300000, 0x0000000090400000|  0%| F|  |TAMS 0x0000000090300000, 0x0000000090300000| Untracked 
| 260|0x0000000090400000, 0x0000000090400000, 0x0000000090500000|  0%| F|  |TAMS 0x0000000090400000, 0x0000000090400000| Untracked 
| 261|0x0000000090500000, 0x0000000090500000, 0x0000000090600000|  0%| F|  |TAMS 0x0000000090500000, 0x0000000090500000| Untracked 
| 262|0x0000000090600000, 0x0000000090600000, 0x0000000090700000|  0%| F|  |TAMS 0x0000000090600000, 0x0000000090600000| Untracked 
| 263|0x0000000090700000, 0x0000000090700000, 0x0000000090800000|  0%| F|  |TAMS 0x0000000090700000, 0x0000000090700000| Untracked 
| 264|0x0000000090800000, 0x0000000090800000, 0x0000000090900000|  0%| F|  |TAMS 0x0000000090800000, 0x0000000090800000| Untracked 
| 265|0x0000000090900000, 0x0000000090900000, 0x0000000090a00000|  0%| F|  |TAMS 0x0000000090900000, 0x0000000090900000| Untracked 
| 266|0x0000000090a00000, 0x0000000090a00000, 0x0000000090b00000|  0%| F|  |TAMS 0x0000000090a00000, 0x0000000090a00000| Untracked 
| 267|0x0000000090b00000, 0x0000000090b00000, 0x0000000090c00000|  0%| F|  |TAMS 0x0000000090b00000, 0x0000000090b00000| Untracked 
| 268|0x0000000090c00000, 0x0000000090c00000, 0x0000000090d00000|  0%| F|  |TAMS 0x0000000090c00000, 0x0000000090c00000| Untracked 
| 269|0x0000000090d00000, 0x0000000090d00000, 0x0000000090e00000|  0%| F|  |TAMS 0x0000000090d00000, 0x0000000090d00000| Untracked 
| 270|0x0000000090e00000, 0x0000000090e00000, 0x0000000090f00000|  0%| F|  |TAMS 0x0000000090e00000, 0x0000000090e00000| Untracked 
| 271|0x0000000090f00000, 0x0000000090f00000, 0x0000000091000000|  0%| F|  |TAMS 0x0000000090f00000, 0x0000000090f00000| Untracked 
| 272|0x0000000091000000, 0x0000000091000000, 0x0000000091100000|  0%| F|  |TAMS 0x0000000091000000, 0x0000000091000000| Untracked 
| 273|0x0000000091100000, 0x0000000091100000, 0x0000000091200000|  0%| F|  |TAMS 0x0000000091100000, 0x0000000091100000| Untracked 
| 274|0x0000000091200000, 0x0000000091200000, 0x0000000091300000|  0%| F|  |TAMS 0x0000000091200000, 0x0000000091200000| Untracked 
| 275|0x0000000091300000, 0x0000000091300000, 0x0000000091400000|  0%| F|  |TAMS 0x0000000091300000, 0x0000000091300000| Untracked 
| 276|0x0000000091400000, 0x0000000091400000, 0x0000000091500000|  0%| F|  |TAMS 0x0000000091400000, 0x0000000091400000| Untracked 
| 277|0x0000000091500000, 0x0000000091500000, 0x0000000091600000|  0%| F|  |TAMS 0x0000000091500000, 0x0000000091500000| Untracked 
| 278|0x0000000091600000, 0x0000000091600000, 0x0000000091700000|  0%| F|  |TAMS 0x0000000091600000, 0x0000000091600000| Untracked 
| 279|0x0000000091700000, 0x0000000091800000, 0x0000000091800000|100%| S|CS|TAMS 0x0000000091700000, 0x0000000091700000| Complete 
| 280|0x0000000091800000, 0x0000000091800000, 0x0000000091900000|  0%| F|  |TAMS 0x0000000091800000, 0x0000000091800000| Untracked 
| 281|0x0000000091900000, 0x0000000091a00000, 0x0000000091a00000|100%| S|CS|TAMS 0x0000000091900000, 0x0000000091900000| Complete 
| 282|0x0000000091a00000, 0x0000000091a00000, 0x0000000091b00000|  0%| F|  |TAMS 0x0000000091a00000, 0x0000000091a00000| Untracked 
| 283|0x0000000091b00000, 0x0000000091b00000, 0x0000000091c00000|  0%| F|  |TAMS 0x0000000091b00000, 0x0000000091b00000| Untracked 
| 284|0x0000000091c00000, 0x0000000091c00000, 0x0000000091d00000|  0%| F|  |TAMS 0x0000000091c00000, 0x0000000091c00000| Untracked 
| 285|0x0000000091d00000, 0x0000000091d00000, 0x0000000091e00000|  0%| F|  |TAMS 0x0000000091d00000, 0x0000000091d00000| Untracked 
| 286|0x0000000091e00000, 0x0000000091e00000, 0x0000000091f00000|  0%| F|  |TAMS 0x0000000091e00000, 0x0000000091e00000| Untracked 
| 287|0x0000000091f00000, 0x0000000091f00000, 0x0000000092000000|  0%| F|  |TAMS 0x0000000091f00000, 0x0000000091f00000| Untracked 
| 288|0x0000000092000000, 0x0000000092000000, 0x0000000092100000|  0%| F|  |TAMS 0x0000000092000000, 0x0000000092000000| Untracked 
| 289|0x0000000092100000, 0x0000000092100000, 0x0000000092200000|  0%| F|  |TAMS 0x0000000092100000, 0x0000000092100000| Untracked 
| 290|0x0000000092200000, 0x0000000092200000, 0x0000000092300000|  0%| F|  |TAMS 0x0000000092200000, 0x0000000092200000| Untracked 
| 291|0x0000000092300000, 0x000000009238ff38, 0x0000000092400000| 56%| E|  |TAMS 0x0000000092300000, 0x0000000092300000| Complete 
| 292|0x0000000092400000, 0x0000000092500000, 0x0000000092500000|100%| E|CS|TAMS 0x0000000092400000, 0x0000000092400000| Complete 
| 293|0x0000000092500000, 0x0000000092600000, 0x0000000092600000|100%| E|CS|TAMS 0x0000000092500000, 0x0000000092500000| Complete 

Card table byte_map: [0x00000255fd690000,0x00000255fda90000] _byte_map_base: 0x00000255fd290000

Marking Bits (Prev, Next): (CMBitMap*) 0x00000255fcef76e0, (CMBitMap*) 0x00000255fcef76a0
 Prev Bits: [0x00000255967e0000, 0x00000255987e0000)
 Next Bits: [0x00000255fde90000, 0x00000255ffe90000)

Polling page: 0x00000255fada0000

Metaspace:

Usage:
  Non-class:     70.69 MB used.
      Class:     11.30 MB used.
       Both:     81.99 MB used.

Virtual space:
  Non-class space:      128.00 MB reserved,      71.19 MB ( 56%) committed,  2 nodes.
      Class space:      416.00 MB reserved,      11.69 MB (  3%) committed,  1 nodes.
             Both:      544.00 MB reserved,      82.88 MB ( 15%) committed. 

Chunk freelists:
   Non-Class:  8.49 MB
       Class:  4.33 MB
        Both:  12.82 MB

MaxMetaspaceSize: 512.00 MB
CompressedClassSpaceSize: 416.00 MB
Initial GC threshold: 21.00 MB
Current GC threshold: 126.06 MB
CDS: on
MetaspaceReclaimPolicy: balanced
 - commit_granule_bytes: 65536.
 - commit_granule_words: 8192.
 - virtual_space_node_default_size: 8388608.
 - enlarge_chunks_in_place: 1.
 - new_chunks_are_fully_committed: 0.
 - uncommit_free_chunks: 1.
 - use_allocation_guard: 0.
 - handle_deallocations: 1.


Internal statistics:

num_allocs_failed_limit: 6.
num_arena_births: 966.
num_arena_deaths: 0.
num_vsnodes_births: 3.
num_vsnodes_deaths: 0.
num_space_committed: 1326.
num_space_uncommitted: 0.
num_chunks_returned_to_freelist: 6.
num_chunks_taken_from_freelist: 4434.
num_chunk_merges: 6.
num_chunk_splits: 2978.
num_chunks_enlarged: 2020.
num_inconsistent_stats: 0.

CodeHeap 'non-profiled nmethods': size=120000Kb used=7147Kb max_used=7147Kb free=112852Kb
 bounds [0x000002558f2b0000, 0x000002558f9b0000, 0x00000255967e0000]
CodeHeap 'profiled nmethods': size=120000Kb used=21355Kb max_used=21355Kb free=98644Kb
 bounds [0x00000255877e0000, 0x0000025588cc0000, 0x000002558ed10000]
CodeHeap 'non-nmethods': size=5760Kb used=2400Kb max_used=2444Kb free=3359Kb
 bounds [0x000002558ed10000, 0x000002558ef80000, 0x000002558f2b0000]
 total_blobs=11756 nmethods=10821 adapters=847
 compilation: enabled
              stopped_count=0, restarted_count=0
 full_count=0

Compilation events (20 events):
Event: 1674.460 Thread 0x000002559b0f81c0 nmethod 12409 0x0000025588cb5790 code [0x0000025588cb5940, 0x0000025588cb5bd8]
Event: 1674.496 Thread 0x000002559b0f1720 12410       4       org.gradle.api.internal.provider.DefaultProperty::<init> (26 bytes)
Event: 1674.498 Thread 0x000002559b0f81c0 12411   !   3       jdk.internal.reflect.GeneratedConstructorAccessor59::newInstance (109 bytes)
Event: 1674.503 Thread 0x000002559b0f81c0 nmethod 12411 0x0000025588cb5d10 code [0x0000025588cb5f80, 0x0000025588cb6dc8]
Event: 1674.525 Thread 0x000002559b0f1720 nmethod 12410 0x000002558f9a8290 code [0x000002558f9a8440, 0x000002558f9a8aa8]
Event: 1674.539 Thread 0x000002559b0f1720 12412       4       java.lang.Object::wait (6 bytes)
Event: 1674.540 Thread 0x000002559b0f1720 nmethod 12412 0x000002558f9a8c90 code [0x000002558f9a8e20, 0x000002558f9a8ec8]
Event: 1674.557 Thread 0x000002559b0f1720 12413       4       org.gradle.internal.resources.DefaultResourceLockCoordinationService$DefaultResourceLockState::reset (38 bytes)
Event: 1674.620 Thread 0x000002559b0f1720 nmethod 12413 0x000002558f9a8f90 code [0x000002558f9a9140, 0x000002558f9a98f8]
Event: 1674.991 Thread 0x000002559b0f81c0 12414       3       com.google.common.collect.LinkedHashMultimap$ValueEntry::newHeader (12 bytes)
Event: 1674.995 Thread 0x000002559b0f81c0 nmethod 12414 0x0000025588cb7390 code [0x0000025588cb7540, 0x0000025588cb7818]
Event: 1675.140 Thread 0x000002559b0f81c0 12415       3       org.gradle.internal.service.DefaultServiceRegistry$ConstructorService::getParameterTypes (8 bytes)
Event: 1675.166 Thread 0x000002559b0f81c0 nmethod 12415 0x0000025588cb7990 code [0x0000025588cb7c40, 0x0000025588cb8c98]
Event: 1675.195 Thread 0x000002559b0f81c0 12416   !   3       org.gradle.internal.service.DefaultServiceRegistry$ConstructorService::invokeMethod (70 bytes)
Event: 1675.204 Thread 0x000002559b0f81c0 nmethod 12416 0x0000025588cb9190 code [0x0000025588cb9540, 0x0000025588cbaf88]
Event: 1675.407 Thread 0x000002559b0f1720 12417       4       sun.security.provider.DigestBase::engineDigest (112 bytes)
Event: 1675.474 Thread 0x000002559b0f1720 nmethod 12417 0x000002558f9a9b90 code [0x000002558f9a9d60, 0x000002558f9aa788]
Event: 1678.255 Thread 0x000002559b0f81c0 12418       3       sun.net.www.MessageHeader::grow (92 bytes)
Event: 1678.256 Thread 0x000002559b0f81c0 nmethod 12418 0x0000025588cbb910 code [0x0000025588cbbae0, 0x0000025588cbc078]
Event: 1678.972 Thread 0x000002559b0f1720 12419       4       org.gradle.internal.instantiation.generator.AbstractClassGenerator::inspectType (560 bytes)

GC Heap History (20 events):
Event: 1414.823 GC heap before
{Heap before GC invocations=59 (full 0):
 garbage-first heap   total 301056K, used 132965K [0x0000000080000000, 0x0000000100000000)
  region size 1024K, 45 young (46080K), 2 survivors (2048K)
 Metaspace       used 81648K, committed 82496K, reserved 557056K
  class space    used 11240K, committed 11648K, reserved 425984K
}
Event: 1415.054 GC heap after
{Heap after GC invocations=60 (full 0):
 garbage-first heap   total 301056K, used 91157K [0x0000000080000000, 0x0000000100000000)
  region size 1024K, 5 young (5120K), 5 survivors (5120K)
 Metaspace       used 81648K, committed 82496K, reserved 557056K
  class space    used 11240K, committed 11648K, reserved 425984K
}
Event: 1480.233 GC heap before
{Heap before GC invocations=60 (full 0):
 garbage-first heap   total 301056K, used 122901K [0x0000000080000000, 0x0000000100000000)
  region size 1024K, 37 young (37888K), 5 survivors (5120K)
 Metaspace       used 81722K, committed 82560K, reserved 557056K
  class space    used 11242K, committed 11648K, reserved 425984K
}
Event: 1483.715 GC heap after
{Heap after GC invocations=61 (full 0):
 garbage-first heap   total 301056K, used 91540K [0x0000000080000000, 0x0000000100000000)
  region size 1024K, 3 young (3072K), 3 survivors (3072K)
 Metaspace       used 81722K, committed 82560K, reserved 557056K
  class space    used 11242K, committed 11648K, reserved 425984K
}
Event: 1520.949 GC heap before
{Heap before GC invocations=61 (full 0):
 garbage-first heap   total 301056K, used 101780K [0x0000000080000000, 0x0000000100000000)
  region size 1024K, 14 young (14336K), 3 survivors (3072K)
 Metaspace       used 81736K, committed 82560K, reserved 557056K
  class space    used 11242K, committed 11648K, reserved 425984K
}
Event: 1521.078 GC heap after
{Heap after GC invocations=62 (full 0):
 garbage-first heap   total 301056K, used 92400K [0x0000000080000000, 0x0000000100000000)
  region size 1024K, 2 young (2048K), 2 survivors (2048K)
 Metaspace       used 81736K, committed 82560K, reserved 557056K
  class space    used 11242K, committed 11648K, reserved 425984K
}
Event: 1543.782 GC heap before
{Heap before GC invocations=62 (full 0):
 garbage-first heap   total 301056K, used 103664K [0x0000000080000000, 0x0000000100000000)
  region size 1024K, 14 young (14336K), 2 survivors (2048K)
 Metaspace       used 81886K, committed 82688K, reserved 557056K
  class space    used 11259K, committed 11648K, reserved 425984K
}
Event: 1543.815 GC heap after
{Heap after GC invocations=63 (full 0):
 garbage-first heap   total 301056K, used 91916K [0x0000000080000000, 0x0000000100000000)
  region size 1024K, 1 young (1024K), 1 survivors (1024K)
 Metaspace       used 81886K, committed 82688K, reserved 557056K
  class space    used 11259K, committed 11648K, reserved 425984K
}
Event: 1567.428 GC heap before
{Heap before GC invocations=63 (full 0):
 garbage-first heap   total 301056K, used 106252K [0x0000000080000000, 0x0000000100000000)
  region size 1024K, 14 young (14336K), 1 survivors (1024K)
 Metaspace       used 82157K, committed 83008K, reserved 557056K
  class space    used 11294K, committed 11712K, reserved 425984K
}
Event: 1567.529 GC heap after
{Heap after GC invocations=64 (full 0):
 garbage-first heap   total 301056K, used 99150K [0x0000000080000000, 0x0000000100000000)
  region size 1024K, 2 young (2048K), 2 survivors (2048K)
 Metaspace       used 82157K, committed 83008K, reserved 557056K
  class space    used 11294K, committed 11712K, reserved 425984K
}
Event: 1575.866 GC heap before
{Heap before GC invocations=64 (full 0):
 garbage-first heap   total 301056K, used 111438K [0x0000000080000000, 0x0000000100000000)
  region size 1024K, 14 young (14336K), 2 survivors (2048K)
 Metaspace       used 82958K, committed 83776K, reserved 557056K
  class space    used 11416K, committed 11840K, reserved 425984K
}
Event: 1575.895 GC heap after
{Heap after GC invocations=65 (full 0):
 garbage-first heap   total 301056K, used 100987K [0x0000000080000000, 0x0000000100000000)
  region size 1024K, 2 young (2048K), 2 survivors (2048K)
 Metaspace       used 82958K, committed 83776K, reserved 557056K
  class space    used 11416K, committed 11840K, reserved 425984K
}
Event: 1608.198 GC heap before
{Heap before GC invocations=65 (full 0):
 garbage-first heap   total 301056K, used 113275K [0x0000000080000000, 0x0000000100000000)
  region size 1024K, 14 young (14336K), 2 survivors (2048K)
 Metaspace       used 83454K, committed 84224K, reserved 557056K
  class space    used 11524K, committed 11904K, reserved 425984K
}
Event: 1608.307 GC heap after
{Heap after GC invocations=66 (full 0):
 garbage-first heap   total 301056K, used 102714K [0x0000000080000000, 0x0000000100000000)
  region size 1024K, 2 young (2048K), 2 survivors (2048K)
 Metaspace       used 83454K, committed 84224K, reserved 557056K
  class space    used 11524K, committed 11904K, reserved 425984K
}
Event: 1614.444 GC heap before
{Heap before GC invocations=66 (full 0):
 garbage-first heap   total 301056K, used 115002K [0x0000000080000000, 0x0000000100000000)
  region size 1024K, 14 young (14336K), 2 survivors (2048K)
 Metaspace       used 83527K, committed 84288K, reserved 557056K
  class space    used 11525K, committed 11904K, reserved 425984K
}
Event: 1614.463 GC heap after
{Heap after GC invocations=67 (full 0):
 garbage-first heap   total 301056K, used 105212K [0x0000000080000000, 0x0000000100000000)
  region size 1024K, 2 young (2048K), 2 survivors (2048K)
 Metaspace       used 83527K, committed 84288K, reserved 557056K
  class space    used 11525K, committed 11904K, reserved 425984K
}
Event: 1633.795 GC heap before
{Heap before GC invocations=67 (full 0):
 garbage-first heap   total 301056K, used 117500K [0x0000000080000000, 0x0000000100000000)
  region size 1024K, 14 young (14336K), 2 survivors (2048K)
 Metaspace       used 83665K, committed 84544K, reserved 557056K
  class space    used 11537K, committed 11968K, reserved 425984K
}
Event: 1633.845 GC heap after
{Heap after GC invocations=68 (full 0):
 garbage-first heap   total 301056K, used 109495K [0x0000000080000000, 0x0000000100000000)
  region size 1024K, 2 young (2048K), 2 survivors (2048K)
 Metaspace       used 83665K, committed 84544K, reserved 557056K
  class space    used 11537K, committed 11968K, reserved 425984K
}
Event: 1673.566 GC heap before
{Heap before GC invocations=68 (full 0):
 garbage-first heap   total 301056K, used 121783K [0x0000000080000000, 0x0000000100000000)
  region size 1024K, 14 young (14336K), 2 survivors (2048K)
 Metaspace       used 83924K, committed 84800K, reserved 557056K
  class space    used 11564K, committed 11968K, reserved 425984K
}
Event: 1673.721 GC heap after
{Heap after GC invocations=69 (full 0):
 garbage-first heap   total 301056K, used 112511K [0x0000000080000000, 0x0000000100000000)
  region size 1024K, 2 young (2048K), 2 survivors (2048K)
 Metaspace       used 83924K, committed 84800K, reserved 557056K
  class space    used 11564K, committed 11968K, reserved 425984K
}

Deoptimization events (20 events):
Event: 1574.093 Thread 0x00000255bb846630 DEOPT PACKING pc=0x000002558f67bc5c sp=0x0000008479cf78b0
Event: 1574.093 Thread 0x00000255bb846630 DEOPT UNPACKING pc=0x000002558ed623a3 sp=0x0000008479cf7838 mode 2
Event: 1574.949 Thread 0x00000255bb846630 DEOPT PACKING pc=0x0000025588aea064 sp=0x0000008479cf8350
Event: 1574.949 Thread 0x00000255bb846630 DEOPT UNPACKING pc=0x000002558ed62b43 sp=0x0000008479cf7868 mode 0
Event: 1610.637 Thread 0x00000255bb846630 Uncommon trap: trap_request=0xffffff45 fr.pc=0x000002558f707314 relative=0x0000000000002214
Event: 1610.638 Thread 0x00000255bb846630 Uncommon trap: reason=unstable_if action=reinterpret pc=0x000002558f707314 method=com.esotericsoftware.kryo.io.Output.writeString(Ljava/lang/String;)V @ 39 c2
Event: 1610.638 Thread 0x00000255bb846630 DEOPT PACKING pc=0x000002558f707314 sp=0x0000008479cf8970
Event: 1610.642 Thread 0x00000255bb846630 DEOPT UNPACKING pc=0x000002558ed623a3 sp=0x0000008479cf88d0 mode 2
Event: 1610.665 Thread 0x00000255bb846630 Uncommon trap: trap_request=0xffffff45 fr.pc=0x000002558f963818 relative=0x0000000000000098
Event: 1610.665 Thread 0x00000255bb846630 Uncommon trap: reason=unstable_if action=reinterpret pc=0x000002558f963818 method=com.esotericsoftware.kryo.io.Output.writeByte(B)V @ 8 c2
Event: 1610.666 Thread 0x00000255bb846630 DEOPT PACKING pc=0x000002558f963818 sp=0x0000008479cf8930
Event: 1610.730 Thread 0x00000255bb846630 DEOPT UNPACKING pc=0x000002558ed623a3 sp=0x0000008479cf8860 mode 2
Event: 1615.428 Thread 0x00000255bb846630 DEOPT PACKING pc=0x000002558792fc59 sp=0x0000008479cf9550
Event: 1615.436 Thread 0x00000255bb846630 DEOPT UNPACKING pc=0x000002558ed62b43 sp=0x0000008479cf8a48 mode 0
Event: 1618.086 Thread 0x00000255bb846630 DEOPT PACKING pc=0x00000255881bb871 sp=0x0000008479cf8ec0
Event: 1618.090 Thread 0x00000255bb846630 DEOPT UNPACKING pc=0x000002558ed62b43 sp=0x0000008479cf8320 mode 0
Event: 1628.627 Thread 0x00000255bb846630 DEOPT PACKING pc=0x00000255879d99c4 sp=0x0000008479cf9010
Event: 1628.628 Thread 0x00000255bb846630 DEOPT UNPACKING pc=0x000002558ed62b43 sp=0x0000008479cf8540 mode 0
Event: 1678.974 Thread 0x00000255bb846630 DEOPT PACKING pc=0x00000255886fba25 sp=0x0000008479cf9ad0
Event: 1678.988 Thread 0x00000255bb846630 DEOPT UNPACKING pc=0x000002558ed62b43 sp=0x0000008479cf9070 mode 0

Classes unloaded (0 events):
No events

Classes redefined (0 events):
No events

Internal exceptions (20 events):
Event: 1576.705 Thread 0x00000255bb846630 Exception <a 'java/lang/ClassNotFoundException'{0x000000009218e628}: com/android/build/gradle/internal/api/LibraryVariantOutputImplCustomizer> (0x000000009218e628) 
thrown [s\open\src\hotspot\share\classfile\systemDictionary.cpp, line 256]
Event: 1576.715 Thread 0x00000255bb846630 Exception <a 'java/lang/ClassNotFoundException'{0x00000000921a3c50}: com/android/build/gradle/internal/api/LibraryVariantOutputImpl_DecoratedCustomizer> (0x00000000921a3c50) 
thrown [s\open\src\hotspot\share\classfile\systemDictionary.cpp, line 256]
Event: 1598.584 Thread 0x00000255bb846630 Exception <a 'java/lang/ClassNotFoundException'{0x0000000091ffc598}: build_4poj2ykj07tuclkapaiyslpcxBeanInfo> (0x0000000091ffc598) 
thrown [s\open\src\hotspot\share\classfile\systemDictionary.cpp, line 256]
Event: 1598.599 Thread 0x00000255bb846630 Exception <a 'java/lang/ClassNotFoundException'{0x0000000091e03538}: build_4poj2ykj07tuclkapaiyslpcxCustomizer> (0x0000000091e03538) 
thrown [s\open\src\hotspot\share\classfile\systemDictionary.cpp, line 256]
Event: 1618.109 Thread 0x00000255bb846630 Exception <a 'java/lang/ClassNotFoundException'{0x000000009221a0f0}: build_4poj2ykj07tuclkapaiyslpcxBeanInfo> (0x000000009221a0f0) 
thrown [s\open\src\hotspot\share\classfile\systemDictionary.cpp, line 256]
Event: 1618.115 Thread 0x00000255bb846630 Exception <a 'java/lang/ClassNotFoundException'{0x0000000092220910}: build_4poj2ykj07tuclkapaiyslpcxCustomizer> (0x0000000092220910) 
thrown [s\open\src\hotspot\share\classfile\systemDictionary.cpp, line 256]
Event: 1626.869 Thread 0x00000255bb846630 Exception <a 'java/lang/ClassNotFoundException'{0x0000000091c82b20}: com/android/build/gradle/internal/api/DefaultAndroidSourceFileBeanInfo> (0x0000000091c82b20) 
thrown [s\open\src\hotspot\share\classfile\systemDictionary.cpp, line 256]
Event: 1627.036 Thread 0x00000255bb846630 Exception <a 'java/lang/ClassNotFoundException'{0x0000000091c90d78}: com/android/build/gradle/internal/api/DefaultAndroidSourceFileCustomizer> (0x0000000091c90d78) 
thrown [s\open\src\hotspot\share\classfile\systemDictionary.cpp, line 256]
Event: 1641.150 Thread 0x00000255bb846630 Exception <a 'java/lang/ClassNotFoundException'{0x00000000924dc398}: build_cp8vj4hdydq9b597vv28kxqhwBeanInfo> (0x00000000924dc398) 
thrown [s\open\src\hotspot\share\classfile\systemDictionary.cpp, line 256]
Event: 1641.166 Thread 0x00000255bb846630 Exception <a 'java/lang/ClassNotFoundException'{0x00000000924e2c18}: build_cp8vj4hdydq9b597vv28kxqhwCustomizer> (0x00000000924e2c18) 
thrown [s\open\src\hotspot\share\classfile\systemDictionary.cpp, line 256]
Event: 1646.060 Thread 0x00000255bb846630 Exception <a 'java/lang/ClassNotFoundException'{0x0000000092265418}: build_cp8vj4hdydq9b597vv28kxqhw$_run_closure1BeanInfo> (0x0000000092265418) 
thrown [s\open\src\hotspot\share\classfile\systemDictionary.cpp, line 256]
Event: 1646.167 Thread 0x00000255bb846630 Exception <a 'java/lang/ClassNotFoundException'{0x000000009226f078}: build_cp8vj4hdydq9b597vv28kxqhw$_run_closure1Customizer> (0x000000009226f078) 
thrown [s\open\src\hotspot\share\classfile\systemDictionary.cpp, line 256]
Event: 1655.525 Thread 0x00000255bb846630 Exception <a 'java/lang/ClassNotFoundException'{0x0000000091ffd218}: build_uu8dmxsas5bnr3irdmqolc52BeanInfo> (0x0000000091ffd218) 
thrown [s\open\src\hotspot\share\classfile\systemDictionary.cpp, line 256]
Event: 1655.544 Thread 0x00000255bb846630 Exception <a 'java/lang/ClassNotFoundException'{0x0000000091e03f88}: build_uu8dmxsas5bnr3irdmqolc52Customizer> (0x0000000091e03f88) 
thrown [s\open\src\hotspot\share\classfile\systemDictionary.cpp, line 256]
Event: 1659.315 Thread 0x00000255bb846630 Exception <a 'java/lang/ClassNotFoundException'{0x0000000091d4d848}: build_uu8dmxsas5bnr3irdmqolc52BeanInfo> (0x0000000091d4d848) 
thrown [s\open\src\hotspot\share\classfile\systemDictionary.cpp, line 256]
Event: 1659.319 Thread 0x00000255bb846630 Exception <a 'java/lang/ClassNotFoundException'{0x0000000091d54048}: build_uu8dmxsas5bnr3irdmqolc52Customizer> (0x0000000091d54048) 
thrown [s\open\src\hotspot\share\classfile\systemDictionary.cpp, line 256]
Event: 1662.669 Thread 0x00000255bb846630 Exception <a 'java/lang/ClassNotFoundException'{0x0000000091cbad28}: build_uu8dmxsas5bnr3irdmqolc52$_run_closure1BeanInfo> (0x0000000091cbad28) 
thrown [s\open\src\hotspot\share\classfile\systemDictionary.cpp, line 256]
Event: 1662.688 Thread 0x00000255bb846630 Exception <a 'java/lang/ClassNotFoundException'{0x0000000091cc4950}: build_uu8dmxsas5bnr3irdmqolc52$_run_closure1Customizer> (0x0000000091cc4950) 
thrown [s\open\src\hotspot\share\classfile\systemDictionary.cpp, line 256]
Event: 1679.542 Thread 0x00000255bb846630 Exception <a 'java/lang/ClassNotFoundException'{0x0000000092347c30}: build_763z8k44ifj1nr6tny0iu4qowBeanInfo> (0x0000000092347c30) 
thrown [s\open\src\hotspot\share\classfile\systemDictionary.cpp, line 256]
Event: 1679.609 Thread 0x00000255bb846630 Exception <a 'java/lang/ClassNotFoundException'{0x000000009234e4b0}: build_763z8k44ifj1nr6tny0iu4qowCustomizer> (0x000000009234e4b0) 
thrown [s\open\src\hotspot\share\classfile\systemDictionary.cpp, line 256]

VM Operations (20 events):
Event: 1662.632 Executing VM operation: Cleanup
Event: 1662.649 Executing VM operation: Cleanup done
Event: 1663.663 Executing VM operation: Cleanup
Event: 1663.694 Executing VM operation: Cleanup done
Event: 1665.719 Executing VM operation: Cleanup
Event: 1665.734 Executing VM operation: Cleanup done
Event: 1666.734 Executing VM operation: Cleanup
Event: 1670.622 Executing VM operation: Cleanup done
Event: 1671.623 Executing VM operation: Cleanup
Event: 1671.624 Executing VM operation: Cleanup done
Event: 1672.647 Executing VM operation: Cleanup
Event: 1672.655 Executing VM operation: Cleanup done
Event: 1673.564 Executing VM operation: G1CollectForAllocation
Event: 1673.721 Executing VM operation: G1CollectForAllocation done
Event: 1674.729 Executing VM operation: Cleanup
Event: 1674.855 Executing VM operation: Cleanup done
Event: 1675.870 Executing VM operation: Cleanup
Event: 1675.901 Executing VM operation: Cleanup done
Event: 1678.912 Executing VM operation: Cleanup
Event: 1678.928 Executing VM operation: Cleanup done

Events (20 events):
Event: 1574.129 loading class java/lang/NumberBeanInfo done
Event: 1574.131 loading class java/lang/NumberBeanInfo
Event: 1574.131 loading class java/lang/NumberBeanInfo done
Event: 1574.133 loading class java/lang/NumberCustomizer
Event: 1574.134 loading class java/lang/NumberCustomizer done
Event: 1574.135 loading class java/lang/NumberCustomizer
Event: 1574.135 loading class java/lang/NumberCustomizer done
Event: 1574.135 loading class java/lang/IntegerCustomizer
Event: 1574.136 loading class java/lang/IntegerCustomizer done
Event: 1574.137 loading class java/lang/IntegerCustomizer
Event: 1574.137 loading class java/lang/IntegerCustomizer done
Event: 1582.587 Thread 0x00000255bf372320 Thread exited: 0x00000255bf372320
Event: 1591.554 Thread 0x00000255bf3709d0 Thread exited: 0x00000255bf3709d0
Event: 1593.303 Thread 0x00000255bf373c70 Thread added: 0x00000255bf373c70
Event: 1605.508 loading class java/util/Collections$ReverseComparator
Event: 1605.554 loading class java/util/Collections$ReverseComparator done
Event: 1605.557 loading class java/util/Comparators$NaturalOrderComparator
Event: 1605.599 loading class java/util/Comparators$NaturalOrderComparator done
Event: 1605.606 loading class java/util/Collections$ReverseComparator2
Event: 1605.670 loading class java/util/Collections$ReverseComparator2 done


Dynamic libraries:
0x00007ff7ba8b0000 - 0x00007ff7ba8c0000 	C:\Program Files\Java\jdk-17\bin\java.exe
0x00007ffc4be20000 - 0x00007ffc4c087000 	C:\WINDOWS\SYSTEM32\ntdll.dll
0x00007ffc4b220000 - 0x00007ffc4b2e9000 	C:\WINDOWS\System32\KERNEL32.DLL
0x00007ffc49300000 - 0x00007ffc496f0000 	C:\WINDOWS\System32\KERNELBASE.dll
0x00007ffc497f0000 - 0x00007ffc4993b000 	C:\WINDOWS\System32\ucrtbase.dll
0x00007ffc12300000 - 0x00007ffc12319000 	C:\Program Files\Java\jdk-17\bin\jli.dll
0x00007ffc4aa10000 - 0x00007ffc4aac4000 	C:\WINDOWS\System32\ADVAPI32.dll
0x00007ffc4b330000 - 0x00007ffc4b3d9000 	C:\WINDOWS\System32\msvcrt.dll
0x00007ffc4a5c0000 - 0x00007ffc4a666000 	C:\WINDOWS\System32\sechost.dll
0x00007ffc4bc60000 - 0x00007ffc4bd78000 	C:\WINDOWS\System32\RPCRT4.dll
0x00007ffc4a3f0000 - 0x00007ffc4a5b5000 	C:\WINDOWS\System32\USER32.dll
0x00007ffc497c0000 - 0x00007ffc497e7000 	C:\WINDOWS\System32\win32u.dll
0x00007ffc4a8f0000 - 0x00007ffc4a91b000 	C:\WINDOWS\System32\GDI32.dll
0x00007ffc49a70000 - 0x00007ffc49ba8000 	C:\WINDOWS\System32\gdi32full.dll
0x00007ffc490d0000 - 0x00007ffc49173000 	C:\WINDOWS\System32\msvcp_win.dll
0x00007ffc19e20000 - 0x00007ffc19e3b000 	C:\Program Files\Java\jdk-17\bin\VCRUNTIME140.dll
0x00007ffc408a0000 - 0x00007ffc408ab000 	C:\WINDOWS\SYSTEM32\VERSION.dll
0x00007ffc2f690000 - 0x00007ffc2f92a000 	C:\WINDOWS\WinSxS\amd64_microsoft.windows.common-controls_6595b64144ccf1df_6.0.26100.4768_none_3e0c112ce331287c\COMCTL32.dll
0x00007ffc4b2f0000 - 0x00007ffc4b31f000 	C:\WINDOWS\System32\IMM32.DLL
0x00007ffc19b50000 - 0x00007ffc19b5c000 	C:\Program Files\Java\jdk-17\bin\vcruntime140_1.dll
0x00007ffbdfde0000 - 0x00007ffbdfe6e000 	C:\Program Files\Java\jdk-17\bin\msvcp140.dll
0x00007ffbd92a0000 - 0x00007ffbd9e7f000 	C:\Program Files\Java\jdk-17\bin\server\jvm.dll
0x00007ffc4a820000 - 0x00007ffc4a828000 	C:\WINDOWS\System32\PSAPI.DLL
0x00007ffc18f50000 - 0x00007ffc18f5a000 	C:\WINDOWS\SYSTEM32\WSOCK32.dll
0x00007ffc4a020000 - 0x00007ffc4a094000 	C:\WINDOWS\System32\WS2_32.dll
0x00007ffc40860000 - 0x00007ffc40895000 	C:\WINDOWS\SYSTEM32\WINMM.dll
0x00007ffc47cd0000 - 0x00007ffc47ceb000 	C:\WINDOWS\SYSTEM32\kernel.appcore.dll
0x00007ffc18c30000 - 0x00007ffc18c3a000 	C:\Program Files\Java\jdk-17\bin\jimage.dll
0x00007ffc3bca0000 - 0x00007ffc3bee1000 	C:\WINDOWS\SYSTEM32\DBGHELP.DLL
0x00007ffc49c60000 - 0x00007ffc49fe5000 	C:\WINDOWS\System32\combase.dll
0x00007ffc4a0a0000 - 0x00007ffc4a180000 	C:\WINDOWS\System32\OLEAUT32.dll
0x00007ffc2e310000 - 0x00007ffc2e353000 	C:\WINDOWS\SYSTEM32\dbgcore.DLL
0x00007ffc49940000 - 0x00007ffc499d9000 	C:\WINDOWS\System32\bcryptPrimitives.dll
0x00007ffc04930000 - 0x00007ffc04955000 	C:\Program Files\Java\jdk-17\bin\java.dll
0x00007ffc04850000 - 0x00007ffc04927000 	C:\Program Files\Java\jdk-17\bin\jsvml.dll
0x00007ffc4aad0000 - 0x00007ffc4b21d000 	C:\WINDOWS\System32\SHELL32.dll
0x00007ffc48f50000 - 0x00007ffc490c3000 	C:\WINDOWS\System32\wintypes.dll
0x00007ffc46b50000 - 0x00007ffc473b0000 	C:\WINDOWS\SYSTEM32\windows.storage.dll
0x00007ffc4b4e0000 - 0x00007ffc4b5d5000 	C:\WINDOWS\System32\SHCORE.dll
0x00007ffc4a190000 - 0x00007ffc4a1fa000 	C:\WINDOWS\System32\shlwapi.dll
0x00007ffc48e70000 - 0x00007ffc48e99000 	C:\WINDOWS\SYSTEM32\profapi.dll
0x00007ffc10810000 - 0x00007ffc10829000 	C:\Program Files\Java\jdk-17\bin\net.dll
0x00007ffc42220000 - 0x00007ffc4233e000 	C:\WINDOWS\SYSTEM32\WINHTTP.dll
0x00007ffc48260000 - 0x00007ffc482cb000 	C:\WINDOWS\system32\mswsock.dll
0x00007ffc0efc0000 - 0x00007ffc0efd6000 	C:\Program Files\Java\jdk-17\bin\nio.dll
0x00007ffc04830000 - 0x00007ffc04848000 	C:\Program Files\Java\jdk-17\bin\zip.dll
0x00007ffc06130000 - 0x00007ffc06140000 	C:\Program Files\Java\jdk-17\bin\verify.dll
0x00007ffc05b50000 - 0x00007ffc05b77000 	C:\Users\GOHIL KINJAL\.gradle\native\68d5fa5c4cc2d200863cafc0d521ce42e7d3e7ee720ec0a83991735586a16f82\windows-amd64\native-platform.dll
0x00007ffbd17e0000 - 0x00007ffbd1924000 	C:\Users\GOHIL KINJAL\.gradle\native\e376f236ea51e6404a007f0833ffe2c6e607c4080706a723a18a27aeea778392\windows-amd64\native-platform-file-events.dll
0x00007ffc124e0000 - 0x00007ffc124ea000 	C:\Program Files\Java\jdk-17\bin\management.dll
0x00007ffc06d90000 - 0x00007ffc06d9b000 	C:\Program Files\Java\jdk-17\bin\management_ext.dll
0x00007ffc48520000 - 0x00007ffc4853b000 	C:\WINDOWS\SYSTEM32\CRYPTSP.dll
0x00007ffc47c30000 - 0x00007ffc47c6b000 	C:\WINDOWS\system32\rsaenh.dll
0x00007ffc48300000 - 0x00007ffc4832b000 	C:\WINDOWS\SYSTEM32\USERENV.dll
0x00007ffc48e40000 - 0x00007ffc48e66000 	C:\WINDOWS\SYSTEM32\bcrypt.dll
0x00007ffc48540000 - 0x00007ffc4854c000 	C:\WINDOWS\SYSTEM32\CRYPTBASE.dll
0x00007ffc476e0000 - 0x00007ffc47713000 	C:\WINDOWS\SYSTEM32\IPHLPAPI.DLL
0x00007ffc4a850000 - 0x00007ffc4a85a000 	C:\WINDOWS\System32\NSI.dll
0x00007ffc421f0000 - 0x00007ffc4220f000 	C:\WINDOWS\SYSTEM32\dhcpcsvc6.DLL
0x00007ffc421c0000 - 0x00007ffc421e5000 	C:\WINDOWS\SYSTEM32\dhcpcsvc.DLL
0x00007ffc47770000 - 0x00007ffc47896000 	C:\WINDOWS\SYSTEM32\DNSAPI.dll
0x00007ffc06120000 - 0x00007ffc0612e000 	C:\Program Files\Java\jdk-17\bin\sunmscapi.dll
0x00007ffc49180000 - 0x00007ffc492f7000 	C:\WINDOWS\System32\CRYPT32.dll
0x00007ffc487b0000 - 0x00007ffc487e0000 	C:\WINDOWS\SYSTEM32\ncrypt.dll
0x00007ffc48760000 - 0x00007ffc4879f000 	C:\WINDOWS\SYSTEM32\NTASN1.dll
0x00007ffc05f40000 - 0x00007ffc05f48000 	C:\WINDOWS\system32\wshunix.dll

dbghelp: loaded successfully - version: 4.0.5 - missing functions: none
symbol engine: initialized successfully - sym options: 0x614 - pdb path: .;C:\Program Files\Java\jdk-17\bin;C:\WINDOWS\SYSTEM32;C:\WINDOWS\WinSxS\amd64_microsoft.windows.common-controls_6595b64144ccf1df_6.0.26100.4768_none_3e0c112ce331287c;C:\Program Files\Java\jdk-17\bin\server;C:\Users\GOHIL KINJAL\.gradle\native\68d5fa5c4cc2d200863cafc0d521ce42e7d3e7ee720ec0a83991735586a16f82\windows-amd64;C:\Users\GOHIL KINJAL\.gradle\native\e376f236ea51e6404a007f0833ffe2c6e607c4080706a723a18a27aeea778392\windows-amd64

VM Arguments:
jvm_args: -XX:MaxMetaspaceSize=512m --add-opens=java.base/java.util=ALL-UNNAMED --add-opens=java.base/java.lang=ALL-UNNAMED --add-opens=java.base/java.lang.invoke=ALL-UNNAMED --add-opens=java.prefs/java.util.prefs=ALL-UNNAMED --add-opens=java.base/java.nio.charset=ALL-UNNAMED --add-opens=java.base/java.net=ALL-UNNAMED --add-opens=java.base/java.util.concurrent.atomic=ALL-UNNAMED -Xmx2048m -Dfile.encoding=windows-1252 -Djavax.net.ssl.trustStoreType=JKS -Duser.country=IN -Duser.language=en -Duser.variant 
java_command: org.gradle.launcher.daemon.bootstrap.GradleDaemon 8.0.1
java_class_path (initial): C:\Users\GOHIL KINJAL\.gradle\wrapper\dists\gradle-8.0.1-all\aro4hu1c3oeioove7l0i4i14o\gradle-8.0.1\lib\gradle-launcher-8.0.1.jar
Launcher Type: SUN_STANDARD

[Global flags]
     intx CICompilerCount                          = 4                                         {product} {ergonomic}
   size_t CompressedClassSpaceSize                 = 436207616                                 {product} {ergonomic}
     uint ConcGCThreads                            = 2                                         {product} {ergonomic}
     uint G1ConcRefinementThreads                  = 8                                         {product} {ergonomic}
   size_t G1HeapRegionSize                         = 1048576                                   {product} {ergonomic}
    uintx GCDrainStackTargetSize                   = 64                                        {product} {ergonomic}
   size_t InitialHeapSize                          = 123731968                                 {product} {ergonomic}
   size_t MarkStackSize                            = 4194304                                   {product} {ergonomic}
   size_t MaxHeapSize                              = 2147483648                                {product} {command line}
   size_t MaxMetaspaceSize                         = 536870912                                 {product} {command line}
   size_t MaxNewSize                               = 1287651328                                {product} {ergonomic}
   size_t MinHeapDeltaBytes                        = 1048576                                   {product} {ergonomic}
   size_t MinHeapSize                              = 8388608                                   {product} {ergonomic}
    uintx NonNMethodCodeHeapSize                   = 5839372                                {pd product} {ergonomic}
    uintx NonProfiledCodeHeapSize                  = 122909434                              {pd product} {ergonomic}
    uintx ProfiledCodeHeapSize                     = 122909434                              {pd product} {ergonomic}
    uintx ReservedCodeCacheSize                    = 251658240                              {pd product} {ergonomic}
     bool SegmentedCodeCache                       = true                                      {product} {ergonomic}
   size_t SoftMaxHeapSize                          = 2147483648                             {manageable} {ergonomic}
     bool UseCompressedClassPointers               = true                           {product lp64_product} {ergonomic}
     bool UseCompressedOops                        = true                           {product lp64_product} {ergonomic}
     bool UseG1GC                                  = true                                      {product} {ergonomic}
     bool UseLargePagesIndividualAllocation        = false                                  {pd product} {ergonomic}

Logging:
Log output configuration:
 #0: stdout all=warning uptime,level,tags
 #1: stderr all=off uptime,level,tags

Environment Variables:
JAVA_HOME=C:\Program Files\Java\jdk-17
CLASSPATH=D:\PROJECTS\MySecondDemo\MysecondDemo\android\\gradle\wrapper\gradle-wrapper.jar
PATH=D:\PROJECTS\MySecondDemo\MysecondDemo\node_modules\.bin;D:\PROJECTS\MySecondDemo\MysecondDemo\node_modules\.bin;D:\PROJECTS\MySecondDemo\node_modules\.bin;D:\PROJECTS\node_modules\.bin;D:\node_modules\.bin;C:\Program Files\nodejs\node_modules\npm\node_modules\@npmcli\run-script\lib\node-gyp-bin;D:\PROJECTS\MySecondDemo\MysecondDemo\node_modules\.bin;D:\PROJECTS\MySecondDemo\MysecondDemo\node_modules\.bin;D:\PROJECTS\MySecondDemo\node_modules\.bin;D:\PROJECTS\node_modules\.bin;D:\node_modules\.bin;C:\Program Files\nodejs\node_modules\npm\node_modules\@npmcli\run-script\lib\node-gyp-bin;C:\Python313\Scripts\;C:\Python313\;C:\Program Files\Common Files\Oracle\Java\javapath;C:\Program Files\Microsoft\jdk-11.0.18.10-hotspot\bin;C:\WINDOWS\system32;C:\WINDOWS;C:\WINDOWS\System32\Wbem;C:\WINDOWS\System32\WindowsPowerShell\v1.0\;C:\WINDOWS\System32\OpenSSH\;C:\Program Files\Java\jdk-16.0.1\bin;C:\sqlite-tools-win32-x86-3360000\sqlite3;C:\Program Files\Microsoft SQL Server\Client SDK\ODBC\170\Tools\Binn\;C:\Program Files (x86)\Microsoft SQL Server\150\Tools\Binn\;C:\Program Files\Microsoft SQL Server\150\Tools\Binn\;C:\Program Files\Microsoft SQL Server\150\DTS\Binn\;C:\Program Files (x86)\Microsoft SQL Server\150\DTS\Binn\;C:\Program Files\Azure Data Studio\bin;C:\Program Files\Git\cmd;C:\ProgramData\chocolatey\bin;C:\Users\GOHIL KINJAL\AppData\Local\Programs\Microsoft VS Code\bin;C:\Program Files\nodejs\;C:\Users\GOHIL KINJAL\AppData\Local\Microsoft\WindowsApps;C:\Program Files\Azure Data Studio\bin;C:\Users\GOHIL KINJAL\AppData\Local\GitHubDesktop\bin;"C:\Users\GOHIL KINJAL\AppData\Local\Android\Sdk\platform-tools;";C:\Users\GOHIL KINJAL\AppData\Local\Android\Sdk;C:\Program Files\Microsoft Visual Studio;C:\Program Files\Java\jdk-17\bin;C:\application\flutter\bin;C:\Users\GOHIL KINJAL\AppData\Local\Programs\cursor\resources\app\bin;C:\Users\GOHIL KINJAL\AppData\Roaming\npm;C:\Users\GOHIL KINJAL\AppData\Local\Programs\Microsoft VS Code\bin;c:\Users\GOHIL KINJAL\AppData\Ro
USERNAME=GOHIL KINJAL
LANG=en_US.UTF-8
OS=Windows_NT
PROCESSOR_IDENTIFIER=AMD64 Family 23 Model 104 Stepping 1, AuthenticAMD



---------------  S Y S T E M  ---------------

OS:
 Windows 11 , 64 bit Build 26100 (10.0.26100.4768)
OS uptime: 0 days 3:31 hours

CPU: total 8 (initial active 8) (8 cores per cpu, 2 threads per core) family 23 model 104 stepping 1 microcode 0x8608104, cx8, cmov, fxsr, ht, mmx, 3dnowpref, sse, sse2, sse3, ssse3, sse4a, sse4.1, sse4.2, popcnt, lzcnt, tsc, tscinvbit, avx, avx2, aes, clmul, bmi1, bmi2, adx, sha, fma, vzeroupper, clflush, clflushopt

Memory: 4k page, system-wide physical 7502M (47M free)
TotalPageFile size 30030M (AvailPageFile size 23M)
current process WorkingSet (physical memory assigned to process): 56M, peak: 240M
current process commit charge ("private bytes"): 587M, peak: 589M

vm_info: Java HotSpot(TM) 64-Bit Server VM (17.0.10+11-LTS-240) for windows-amd64 JRE (17.0.10+11-LTS-240), built on Dec 19 2023 21:47:25 by "mach5one" with MS VC++ 17.1 (VS2022)

END.
